ticket;time;old_stop;new_stop;fav_r;reason;modify_ok
6;2025.03.06 10:05:00;2930.07000000;2926.87000000;2.2701;trail applied;true
12;2025.03.11 11:15:00;2895.93000000;2899.89000000;2.0291;trail applied;true
14;2025.03.21 23:25:00;3010.00000000;3010.43000000;2.0387;trail applied;true
20;2025.04.03 19:35:00;3033.44000000;3034.92000000;3.2318;trail applied;true
20;2025.04.03 21:40:00;3034.92000000;3038.26000000;2.9728;trail applied;true
20;2025.04.03 21:50:00;3038.26000000;3054.02000000;3.0828;trail applied;true
20;2025.04.04 13:00:00;3054.02000000;3081.48000000;2.2740;trail applied;true
22;2025.04.07 02:35:00;3114.87000000;3090.78000000;2.0897;trail applied;true
22;2025.04.07 03:15:00;3090.78000000;3087.46000000;2.2524;trail applied;true
26;2025.04.11 01:35:00;3078.43000000;3085.06000000;2.0995;trail applied;true
26;2025.04.11 02:35:00;3085.06000000;3103.13000000;2.0930;trail applied;true
26;2025.04.11 03:15:00;3103.13000000;3104.87000000;2.1490;trail applied;true
26;2025.04.11 11:20:00;3104.87000000;3119.47000000;2.9626;trail applied;true
26;2025.04.21 01:55:00;3119.47000000;3124.76000000;6.5056;trail applied;true
26;2025.04.21 03:10:00;3124.76000000;3143.77000000;6.7780;trail applied;true
26;2025.04.21 03:25:00;3143.77000000;3158.13000000;6.7923;trail applied;true
26;2025.04.21 04:15:00;3158.13000000;3170.24000000;7.3494;trail applied;true
26;2025.04.21 10:00:00;3170.24000000;3177.66000000;7.8302;trail applied;true
26;2025.04.21 10:10:00;3177.66000000;3183.12000000;7.8836;trail applied;true
26;2025.04.21 10:35:00;3183.12000000;3183.33000000;7.9171;trail applied;true
26;2025.04.21 10:50:00;3183.33000000;3183.60000000;7.8061;trail applied;true
26;2025.04.21 11:15:00;3183.60000000;3185.54000000;7.6352;trail applied;true
26;2025.04.21 11:30:00;3185.54000000;3218.01000000;7.7566;trail applied;true
26;2025.04.21 21:40:00;3218.01000000;3229.16000000;8.7847;trail applied;true
26;2025.04.22 13:55:00;3229.16000000;3270.89000000;9.6526;trail applied;true
38;2025.04.24 18:35:00;3322.21000000;3325.11000000;2.7323;trail applied;true
44;2025.04.28 02:40:00;3347.01000000;3336.87000000;3.8382;trail applied;true
44;2025.04.28 03:25:00;3336.87000000;3313.56000000;3.7006;trail applied;true
50;2025.05.06 04:05:00;3283.12000000;3292.12000000;2.5112;trail applied;true
50;2025.05.06 04:50:00;3292.12000000;3337.54000000;4.1474;trail applied;true
50;2025.05.06 07:00:00;3337.54000000;3346.23000000;3.2378;trail applied;true
50;2025.05.06 07:40:00;3346.23000000;3347.69000000;3.0162;trail applied;true
50;2025.05.06 08:35:00;3347.69000000;3349.84000000;3.0167;trail applied;true
54;2025.05.21 10:25:00;3250.41000000;3252.13000000;2.0614;trail applied;true
70;2025.05.30 13:55:00;3299.26000000;3299.24000000;2.1651;trail applied;true
70;2025.05.30 14:20:00;3299.24000000;3297.31000000;2.5047;trail applied;true
70;2025.05.30 15:05:00;3297.31000000;3294.89000000;4.1274;trail applied;true
88;2025.06.12 10:40:00;3375.58000000;3373.63000000;3.6667;trail applied;true
116;2025.07.11 11:55:00;3332.37000000;3332.83000000;4.2246;trail applied;true
130;2025.07.21 04:10:00;3347.60000000;3356.11000000;3.1458;trail applied;true
132;2025.07.21 16:00:00;3350.72000000;3356.11000000;2.0284;trail applied;true
132;2025.07.21 19:05:00;3356.11000000;3363.09000000;2.9205;trail applied;true
134;2025.08.11 01:35:00;3341.38000000;3342.99000000;12.2836;trail applied;true
134;2025.08.11 02:55:00;3342.99000000;3358.24000000;12.0473;trail applied;true
136;2025.08.11 14:30:00;3368.64000000;3363.81000000;2.0229;trail applied;true
136;2025.08.11 16:15:00;3363.81000000;3358.77000000;2.2614;trail applied;true
150;2025.08.20 17:50:00;3323.84000000;3348.00000000;3.4974;trail applied;true
158;2025.08.29 18:45:00;3325.11000000;3330.40000000;2.6068;trail applied;true
158;2025.08.29 18:55:00;3330.40000000;3331.19000000;2.6091;trail applied;true
158;2025.09.01 02:25:00;3331.19000000;3331.86000000;2.6080;trail applied;true
158;2025.09.01 02:40:00;3331.86000000;3354.10000000;2.5841;trail applied;true
158;2025.09.01 02:55:00;3354.10000000;3356.06000000;2.6610;trail applied;true
158;2025.09.01 03:00:00;3356.06000000;3358.22000000;2.6401;trail applied;true
158;2025.09.01 03:05:00;3358.22000000;3377.90000000;2.6162;trail applied;true
158;2025.09.03 09:35:00;3377.90000000;3388.85000000;5.2295;trail applied;true
158;2025.09.03 11:00:00;3388.85000000;3390.12000000;5.1867;trail applied;true
158;2025.09.04 07:40:00;3390.12000000;3398.78000000;5.0719;trail applied;true
158;2025.09.05 02:15:00;3398.78000000;3404.37000000;5.3944;trail applied;true
158;2025.09.05 03:05:00;3404.37000000;3406.69000000;5.8150;trail applied;true
158;2025.09.05 07:10:00;3406.69000000;3416.15000000;5.8566;trail applied;true
158;2025.09.05 09:00:00;3416.15000000;3417.44000000;5.8657;trail applied;true
158;2025.09.08 05:25:00;3417.44000000;3442.17000000;6.8342;trail applied;true
158;2025.09.08 13:00:00;3442.17000000;3444.69000000;7.5370;trail applied;true
158;2025.09.08 16:20:00;3444.69000000;3474.02000000;8.0144;trail applied;true
158;2025.09.08 20:35:00;3474.02000000;3482.63000000;8.1912;trail applied;true
158;2025.09.09 13:00:00;3482.63000000;3492.59000000;8.7016;trail applied;true
158;2025.09.09 13:30:00;3492.59000000;3494.89000000;8.6816;trail applied;true
158;2025.09.09 16:30:00;3494.89000000;3495.93000000;8.9169;trail applied;true
158;2025.09.10 03:30:00;3495.93000000;3507.99000000;7.9340;trail applied;true
158;2025.09.10 03:40:00;3507.99000000;3529.68000000;7.9708;trail applied;true
158;2025.09.10 06:00:00;3529.68000000;3548.57000000;8.1956;trail applied;true
158;2025.09.11 02:05:00;3548.57000000;3561.26000000;8.2842;trail applied;true
158;2025.09.11 04:20:00;3561.26000000;3561.86000000;8.4704;trail applied;true
158;2025.09.11 04:30:00;3561.86000000;3568.20000000;8.5337;trail applied;true
158;2025.09.11 06:40:00;3568.20000000;3574.72000000;8.0863;trail applied;true
158;2025.09.15 01:25:00;3574.72000000;3584.11000000;8.3641;trail applied;true
158;2025.09.15 02:50:00;3584.11000000;3594.02000000;8.2109;trail applied;true
158;2025.09.15 18:30:00;3594.02000000;3595.21000000;9.0925;trail applied;true
158;2025.09.15 19:05:00;3595.21000000;3606.43000000;9.4789;trail applied;true
158;2025.09.15 19:10:00;3606.43000000;3608.68000000;9.5172;trail applied;true
158;2025.09.15 20:10:00;3608.68000000;3638.36000000;9.5040;trail applied;true
158;2025.09.16 02:35:00;3638.36000000;3656.40000000;9.4206;trail applied;true
162;2025.09.23 18:15:00;3651.47000000;3685.55000000;27.4844;trail applied;true
162;2025.09.29 12:10:00;3685.55000000;3690.11000000;36.3822;trail applied;true
162;2025.09.29 17:00:00;3690.11000000;3695.48000000;37.3600;trail applied;true
162;2025.09.29 17:10:00;3695.48000000;3696.43000000;38.3356;trail applied;true
162;2025.09.29 17:15:00;3696.43000000;3696.62000000;38.7444;trail applied;true
162;2025.09.29 18:00:00;3696.62000000;3700.08000000;38.3267;trail applied;true
162;2025.09.29 18:20:00;3700.08000000;3723.59000000;37.8067;trail applied;true
162;2025.09.30 03:55:00;3723.59000000;3743.00000000;40.5289;trail applied;true
162;2025.09.30 04:50:00;3743.00000000;3750.30000000;42.9356;trail applied;true
162;2025.09.30 11:05:00;3750.30000000;3767.87000000;42.4911;trail applied;true
162;2025.09.30 21:00:00;3767.87000000;3788.00000000;41.9778;trail applied;true
162;2025.10.06 15:00:00;3788.00000000;3793.17000000;63.0156;trail applied;true
162;2025.10.06 16:00:00;3793.17000000;3804.40000000;62.8089;trail applied;true
162;2025.10.06 16:15:00;3804.40000000;3857.55000000;62.2644;trail applied;true
162;2025.10.07 13:40:00;3857.55000000;3876.98000000;67.9311;trail applied;true
162;2025.10.08 19:25:00;3876.98000000;3883.06000000;88.4867;trail applied;true
162;2025.10.13 02:20:00;3883.06000000;3885.80000000;88.5622;trail applied;true
162;2025.10.13 10:00:00;3885.80000000;3888.13000000;92.0356;trail applied;true
162;2025.10.13 10:15:00;3888.13000000;3890.19000000;92.6933;trail applied;true
162;2025.10.13 10:20:00;3890.19000000;3891.91000000;92.4533;trail applied;true
162;2025.10.13 10:35:00;3891.91000000;3893.01000000;93.0600;trail applied;true
162;2025.10.13 10:45:00;3893.01000000;3900.36000000;93.2422;trail applied;true
162;2025.10.13 12:20:00;3900.36000000;3901.40000000;93.5133;trail applied;true
162;2025.10.13 13:10:00;3901.40000000;3902.39000000;93.6356;trail applied;true
162;2025.10.13 13:45:00;3902.39000000;3918.66000000;94.2200;trail applied;true
162;2025.10.13 13:55:00;3918.66000000;3922.57000000;95.4000;trail applied;true
162;2025.10.13 15:25:00;3922.57000000;3927.50000000;94.7044;trail applied;true
162;2025.10.13 15:50:00;3927.50000000;3931.07000000;93.9978;trail applied;true
162;2025.10.13 16:20:00;3931.07000000;3937.81000000;96.4378;trail applied;true
162;2025.10.13 17:35:00;3937.81000000;3975.09000000;98.3111;trail applied;true
162;2025.10.14 02:55:00;3975.09000000;3991.80000000;105.8111;trail applied;true
162;2025.10.15 13:45:00;3991.80000000;4041.80000000;120.6133;trail applied;true
162;2025.10.20 12:55:00;4041.80000000;4048.40000000;135.0422;trail applied;true
162;2025.10.20 15:15:00;4048.40000000;4049.71000000;139.4756;trail applied;true
162;2025.10.20 15:55:00;4049.71000000;4066.51000000;148.0467;trail applied;true
162;2025.10.20 18:35:00;4066.51000000;4066.85000000;154.0689;trail applied;true
162;2025.10.20 18:55:00;4066.85000000;4071.49000000;154.5178;trail applied;true
162;2025.10.20 21:40:00;4071.49000000;4073.19000000;157.4622;trail applied;true
162;2025.10.20 22:15:00;4073.19000000;4106.82000000;158.0200;trail applied;true
162;2025.10.21 06:00:00;4106.82000000;4134.31000000;152.1578;trail applied;true
162;2025.10.21 12:40:00;4134.31000000;4186.30000000;137.4267;trail applied;true
162;2025.10.21 16:05:00;4186.30000000;4192.28000000;123.4022;trail applied;true
172;2025.10.22 03:40:00;4132.61000000;4130.94000000;2.8140;trail applied;true
180;2025.10.29 02:55:00;4161.27000000;4159.60000000;9.6948;trail applied;true
180;2025.10.29 03:10:00;4159.60000000;4128.98000000;9.4373;trail applied;true
180;2025.10.29 11:40:00;4128.98000000;4080.43000000;7.0860;trail applied;true
180;2025.10.29 11:45:00;4080.43000000;4038.40000000;7.0619;trail applied;true
180;2025.10.30 03:40:00;4038.40000000;4022.44000000;10.1982;trail applied;true
224;2025.12.10 12:35:00;4218.84000000;4216.16000000;2.1616;trail applied;true
230;2025.12.15 02:05:00;4234.93000000;4241.00000000;23.6735;trail applied;true
230;2025.12.15 03:50:00;4241.00000000;4247.10000000;29.0275;trail applied;true
230;2025.12.19 03:40:00;4247.10000000;4250.00000000;27.5773;trail applied;true
230;2025.12.19 03:50:00;4250.00000000;4251.18000000;28.6048;trail applied;true
230;2025.12.19 04:05:00;4251.18000000;4256.80000000;30.9278;trail applied;true
230;2025.12.19 04:30:00;4256.80000000;4263.57000000;29.8832;trail applied;true
230;2025.12.19 09:15:00;4263.57000000;4321.84000000;31.1787;trail applied;true
230;2025.12.19 09:25:00;4321.84000000;4323.23000000;30.4089;trail applied;true
232;2025.12.22 02:05:00;4316.08000000;4327.76000000;2.2526;trail applied;true
232;2025.12.22 02:25:00;4327.76000000;4329.58000000;2.3628;trail applied;true
232;2025.12.29 07:20:00;4329.58000000;4366.09000000;12.6687;trail applied;true
244;2025.12.30 12:35:00;4327.34000000;4367.16000000;2.2291;trail applied;true
244;2025.12.30 14:05:00;4367.16000000;4381.30000000;2.0111;trail applied;true
252;2026.01.13 16:50:00;4444.61000000;4485.06000000;2.0172;trail applied;true
252;2026.01.19 02:55:00;4485.06000000;4505.21000000;2.7113;trail applied;true
252;2026.01.19 08:45:00;4505.21000000;4506.16000000;2.6572;trail applied;true
252;2026.01.19 09:35:00;4506.16000000;4508.26000000;2.5794;trail applied;true
252;2026.01.19 09:40:00;4508.26000000;4508.64000000;2.5469;trail applied;true
252;2026.01.19 10:15:00;4508.64000000;4533.32000000;2.6460;trail applied;true
252;2026.01.19 10:25:00;4533.32000000;4536.84000000;2.6010;trail applied;true
252;2026.01.19 11:05:00;4536.84000000;4612.34000000;2.5234;trail applied;true
252;2026.01.19 11:20:00;4612.34000000;4627.29000000;2.6298;trail applied;true
252;2026.01.22 10:25:00;4627.29000000;4630.86000000;5.1263;trail applied;true
252;2026.01.26 12:20:00;4630.86000000;4659.56000000;9.2657;trail applied;true
252;2026.01.26 13:05:00;4659.56000000;4668.38000000;9.3110;trail applied;true
252;2026.01.26 13:40:00;4668.38000000;4673.70000000;9.2984;trail applied;true
252;2026.01.26 20:15:00;4673.70000000;4675.20000000;9.2448;trail applied;true
252;2026.01.27 08:40:00;4675.20000000;4676.11000000;9.1880;trail applied;true
252;2026.01.27 14:40:00;4676.11000000;4678.72000000;9.2633;trail applied;true
252;2026.01.27 14:45:00;4678.72000000;4679.67000000;9.2738;trail applied;true
252;2026.01.27 15:25:00;4679.67000000;4694.71000000;9.2569;trail applied;true
252;2026.01.27 15:50:00;4694.71000000;4705.07000000;9.0846;trail applied;true
252;2026.01.27 16:45:00;4705.07000000;4707.49000000;9.1486;trail applied;true
252;2026.01.27 16:50:00;4707.49000000;4709.00000000;9.0994;trail applied;true
252;2026.01.27 16:55:00;4709.00000000;4709.99000000;8.9010;trail applied;true
252;2026.01.27 17:40:00;4709.99000000;4711.45000000;9.2183;trail applied;true
252;2026.01.27 17:50:00;4711.45000000;4712.71000000;9.2156;trail applied;true
252;2026.01.27 18:05:00;4712.71000000;4726.23000000;9.2981;trail applied;true
252;2026.01.27 20:20:00;4726.23000000;4728.20000000;9.2165;trail applied;true
252;2026.01.28 01:40:00;4728.20000000;4730.91000000;10.4998;trail applied;true
252;2026.01.28 02:05:00;4730.91000000;4740.88000000;10.5897;trail applied;true
252;2026.01.28 04:45:00;4740.88000000;4826.51000000;11.4508;trail applied;true
252;2026.01.28 12:15:00;4826.51000000;4874.71000000;12.3762;trail applied;true
252;2026.01.30 04:25:00;4874.71000000;4878.85000000;10.7068;trail applied;true
252;2026.01.30 05:20:00;4878.85000000;4911.98000000;10.9656;trail applied;true
252;2026.01.30 07:00:00;4911.98000000;4923.99000000;11.2857;trail applied;true
252;2026.01.30 09:05:00;4923.99000000;4958.33000000;10.3517;trail applied;true
256;2026.01.30 19:55:00;4930.95000000;4926.30000000;2.0730;trail applied;true
258;2026.01.30 21:10:00;4801.11000000;4899.29000000;2.8916;trail applied;true
262;2026.02.02 01:05:00;4947.63000000;4939.26000000;2.3722;trail applied;true
262;2026.02.02 01:25:00;4939.26000000;4938.30000000;3.5935;trail applied;true
266;2026.02.11 12:45:00;5043.47000000;5045.58000000;2.0164;trail applied;true
274;2026.02.12 18:15:00;5090.00000000;4958.61000000;4.3675;trail applied;true
278;2026.02.17 07:25:00;5051.93000000;5023.00000000;3.4298;trail applied;true
298;2026.03.05 17:35:00;5181.03000000;5180.54000000;2.1996;trail applied;true
298;2026.03.06 01:05:00;5180.54000000;5113.98000000;2.0455;trail applied;true
308;2026.03.13 19:10:00;5107.83000000;5094.65000000;2.1187;trail applied;true
308;2026.03.16 12:00:00;5094.65000000;5057.20000000;3.1261;trail applied;true
308;2026.03.16 12:35:00;5057.20000000;5036.08000000;3.3281;trail applied;true
310;2026.03.19 15:05:00;5186.28000000;5165.12000000;2.0414;trail applied;true
310;2026.03.19 16:10:00;5165.12000000;5152.40000000;2.5795;trail applied;true
310;2026.03.19 16:15:00;5152.40000000;5149.89000000;2.5933;trail applied;true
310;2026.03.19 17:00:00;5149.89000000;5148.84000000;2.2023;trail applied;true
310;2026.03.20 16:55:00;5148.84000000;5117.15000000;2.0751;trail applied;true
310;2026.03.20 17:15:00;5117.15000000;5107.83000000;2.2597;trail applied;true
310;2026.03.20 18:05:00;5107.83000000;5098.10000000;2.3812;trail applied;true
310;2026.03.20 18:20:00;5098.10000000;5094.65000000;2.4109;trail applied;true
310;2026.03.20 19:40:00;5094.65000000;5084.38000000;2.2865;trail applied;true
310;2026.03.20 19:50:00;5084.38000000;5079.20000000;2.3582;trail applied;true
310;2026.03.20 20:10:00;5079.20000000;5078.73000000;2.3276;trail applied;true
310;2026.03.23 03:35:00;5078.73000000;5062.10000000;3.2803;trail applied;true
310;2026.03.23 04:10:00;5062.10000000;5057.20000000;3.3981;trail applied;true
310;2026.03.23 04:50:00;5057.20000000;5014.78000000;3.2092;trail applied;true
310;2026.03.23 10:55:00;5014.78000000;5009.58000000;4.4153;trail applied;true
310;2026.03.24 06:10:00;5009.58000000;5009.35000000;3.5401;trail applied;true
310;2026.03.25 04:25:00;5009.35000000;4992.05000000;2.3381;trail applied;true
310;2026.03.25 16:20:00;4992.05000000;4991.21000000;2.4271;trail applied;true
310;2026.03.25 22:00:00;4991.21000000;4991.13000000;2.5590;trail applied;true
310;2026.03.25 22:25:00;4991.13000000;4973.99000000;2.6984;trail applied;true
310;2026.03.25 23:15:00;4973.99000000;4962.22000000;2.6023;trail applied;true
310;2026.03.26 01:10:00;4962.22000000;4879.29000000;2.6784;trail applied;true
310;2026.03.26 01:35:00;4879.29000000;4853.07000000;2.6819;trail applied;true
310;2026.03.26 01:50:00;4853.07000000;4842.09000000;2.6311;trail applied;true
310;2026.03.26 08:45:00;4842.09000000;4838.85000000;2.8189;trail applied;true
310;2026.03.26 09:40:00;4838.85000000;4829.26000000;3.1036;trail applied;true
310;2026.03.26 10:00:00;4829.26000000;4821.69000000;2.9877;trail applied;true
310;2026.03.26 18:30:00;4821.69000000;4783.10000000;2.9951;trail applied;true
310;2026.03.26 19:10:00;4783.10000000;4771.86000000;3.0823;trail applied;true
310;2026.03.26 19:30:00;4771.86000000;4754.97000000;3.3395;trail applied;true
310;2026.03.26 19:45:00;4754.97000000;4708.20000000;3.4126;trail applied;true
310;2026.03.26 22:40:00;4708.20000000;4674.24000000;3.3794;trail applied;true
310;2026.03.26 23:45:00;4674.24000000;4623.00000000;3.2398;trail applied;true
310;2026.03.27 01:10:00;4623.00000000;4516.91000000;3.3398;trail applied;true
310;2026.03.27 01:35:00;4516.91000000;4484.62000000;3.2960;trail applied;true
312;2026.04.01 09:05:00;4430.48000000;4465.31000000;3.0554;trail applied;true
312;2026.04.01 11:50:00;4465.31000000;4567.93000000;3.7244;trail applied;true
316;2026.04.13 02:20:00;4798.38000000;4668.98000000;4.2887;trail applied;true
328;2026.04.21 21:20:00;4794.22000000;4785.93000000;2.0239;trail applied;true
328;2026.04.29 02:45:00;4785.93000000;4782.47000000;5.2463;trail applied;true
328;2026.04.29 03:10:00;4782.47000000;4760.86000000;4.7258;trail applied;true
328;2026.04.29 03:35:00;4760.86000000;4719.41000000;4.8919;trail applied;true
328;2026.04.29 05:15:00;4719.41000000;4694.46000000;4.9137;trail applied;true
328;2026.05.01 16:15:00;4694.46000000;4666.11000000;5.1827;trail applied;true
328;2026.05.05 16:50:00;4666.11000000;4601.94000000;5.7043;trail applied;true
328;2026.05.05 19:40:00;4601.94000000;4586.54000000;6.2208;trail applied;true
328;2026.05.05 23:05:00;4586.54000000;4561.57000000;6.2745;trail applied;true
328;2026.05.05 23:30:00;4561.57000000;4559.76000000;6.2087;trail applied;true
344;2026.05.15 10:35:00;4704.85000000;4682.48000000;6.8059;trail applied;true
344;2026.05.20 04:25:00;4682.48000000;4659.34000000;12.5707;trail applied;true
344;2026.05.22 08:15:00;4659.34000000;4624.43000000;10.0043;trail applied;true
344;2026.05.22 12:45:00;4624.43000000;4614.94000000;10.1457;trail applied;true
344;2026.05.22 16:30:00;4614.94000000;4612.46000000;10.2223;trail applied;true
344;2026.05.22 17:05:00;4612.46000000;4567.59000000;11.3484;trail applied;true
344;2026.05.22 17:35:00;4567.59000000;4528.09000000;11.7146;trail applied;true
344;2026.05.22 19:35:00;4528.09000000;4524.27000000;10.2076;trail applied;true
344;2026.05.22 20:20:00;4524.27000000;4521.08000000;10.6546;trail applied;true
352;2026.05.27 13:50:00;4510.44000000;4497.36000000;2.1621;trail applied;true
352;2026.05.27 16:55:00;4497.36000000;4467.38000000;3.3365;trail applied;true
352;2026.05.27 18:45:00;4467.38000000;4465.79000000;2.6969;trail applied;true
366;2026.06.03 11:05:00;4530.95000000;4515.99000000;2.0288;trail applied;true
366;2026.06.03 21:50:00;4515.99000000;4488.42000000;2.4576;trail applied;true
366;2026.06.03 22:20:00;4488.42000000;4458.76000000;2.1094;trail applied;true
366;2026.06.03 23:35:00;4458.76000000;4434.33000000;2.7070;trail applied;true
388;2026.07.01 17:40:00;4012.91000000;4070.22000000;2.0114;trail applied;true
396;2026.07.16 05:40:00;4048.19000000;4035.81000000;2.0095;trail applied;true
