strategy,family,window,regime_dimension,regime_value,sample_label,trades,wins,losses,win_rate,cumulative_r,expectancy_r,profit_factor_r,max_drawdown_r,average_mfe_r,average_mae_r,median_r,long_trades,long_expectancy_r,short_trades,short_expectancy_r,first_entry_time,last_exit_time
FastBreakout,BREAKOUT,Full window,alignment,FULLY_ALIGNED,MODERATE_SAMPLE,76,20,56,0.263158,-7.886400,-0.103768,0.818056,12.808600,0.981568,-0.829217,-0.667850,33,0.167876,43,-0.312240,2025.03.27 17:30:00,2026.07.16 05:44:57
FastBreakout,BREAKOUT,Full window,alignment,OPPOSED,STRONGER_DESCRIPTIVE_SAMPLE,144,57,87,0.395833,27.368500,0.190059,1.405757,9.411400,1.152791,-0.794889,-0.352700,75,0.303624,69,0.066619,2025.03.05 15:45:00,2026.07.21 04:39:58
FastBreakout,BREAKOUT,Full window,alignment,PARTIALLY_ALIGNED,EXPLORATORY,41,14,27,0.341463,1.358200,0.033127,1.061943,5.445200,1.177522,-0.904385,-0.518400,21,-0.437943,20,0.527750,2025.03.11 08:55:00,2026.07.10 07:25:00
FastBreakout,BREAKOUT,Full window,direction,BEARISH,STRONGER_DESCRIPTIVE_SAMPLE,128,44,84,0.343750,9.695300,0.075745,1.148879,11.176800,1.073693,-0.889951,-0.570950,51,0.058333,77,0.087277,2025.03.05 15:45:00,2026.07.21 04:10:00
FastBreakout,BREAKOUT,Full window,direction,BULLISH,STRONGER_DESCRIPTIVE_SAMPLE,133,47,86,0.353383,11.145000,0.083797,1.164866,7.597700,1.138698,-0.756771,-0.507600,78,0.206922,55,-0.090816,2025.03.11 06:25:00,2026.07.21 04:39:58
FastBreakout,BREAKOUT,Full window,market_phase,BREAKOUT,EXPLORATORY,39,12,27,0.307692,-2.601300,-0.066700,0.884128,10.855200,0.970700,-0.906600,-1.000000,22,-0.010141,17,-0.139894,2025.03.27 17:30:00,2026.07.16 05:44:57
FastBreakout,BREAKOUT,Full window,market_phase,COMPRESSION,INSUFFICIENT,14,5,9,0.357143,2.536700,0.181193,1.388588,4.272500,1.501686,-0.743129,-0.343100,7,0.044829,7,0.317557,2025.03.11 08:55:00,2026.07.21 04:10:00
FastBreakout,BREAKOUT,Full window,market_phase,PULLBACK,MODERATE_SAMPLE,63,27,36,0.428571,19.494800,0.309441,1.680834,4.892000,1.277146,-0.850754,-0.213300,32,0.283425,31,0.336297,2025.03.05 19:00:00,2026.07.21 04:39:58
FastBreakout,BREAKOUT,Full window,market_phase,TRANSITION,INSUFFICIENT,1,0,1,0.000000,-1.000000,-1.000000,0.000000,1.000000,0.163300,-1.387800,-1.000000,1,-1.000000,0,0.000000,2025.05.30 03:00:00,2025.05.30 03:14:58
FastBreakout,BREAKOUT,Full window,market_phase,TREND_CONTINUATION,EXPLORATORY,38,7,31,0.184211,-10.123400,-0.266405,0.548818,10.123400,0.879692,-0.786105,-0.646550,12,0.083800,26,-0.428038,2025.04.22 19:40:00,2026.05.22 21:04:58
FastBreakout,BREAKOUT,Full window,market_phase,UNCLASSIFIED,STRONGER_DESCRIPTIVE_SAMPLE,106,40,66,0.377358,12.533500,0.118241,1.242553,7.884100,1.093838,-0.791942,-0.455750,55,0.180891,51,0.050676,2025.03.05 15:45:00,2026.07.16 04:20:00
FastBreakout,BREAKOUT,Full window,trend_strength,NORMAL,MODERATE_SAMPLE,60,26,34,0.433333,21.686600,0.361443,1.808221,4.307800,1.249297,-0.764767,-0.298000,26,0.554562,34,0.213765,2025.03.05 15:45:00,2026.07.21 04:39:58
FastBreakout,BREAKOUT,Full window,trend_strength,STRONG,INSUFFICIENT,12,3,9,0.250000,-2.055900,-0.171325,0.662486,3.412100,0.656217,-0.731742,-0.472750,7,-0.046000,5,-0.346780,2025.03.27 13:45:00,2026.07.15 20:35:00
FastBreakout,BREAKOUT,Full window,trend_strength,WEAK,STRONGER_DESCRIPTIVE_SAMPLE,189,62,127,0.328042,1.209600,0.006400,1.012120,18.333200,1.090196,-0.846018,-0.611800,96,0.052274,93,-0.040954,2025.03.05 17:05:00,2026.07.21 04:10:00
FastBreakout,BREAKOUT,Full window,volatility,CONTRACTING,EXPLORATORY,38,9,29,0.236842,-11.364700,-0.299071,0.515780,11.439700,0.884311,-0.952879,-0.960850,18,-0.068811,20,-0.506305,2025.03.11 08:55:00,2026.07.15 20:35:00
FastBreakout,BREAKOUT,Full window,volatility,EXPANDING,STRONGER_DESCRIPTIVE_SAMPLE,128,49,79,0.382812,25.716500,0.200910,1.432057,7.043400,1.143084,-0.779008,-0.344200,65,0.243131,63,0.157349,2025.03.05 15:45:00,2026.07.21 04:39:58
FastBreakout,BREAKOUT,Full window,volatility,NORMAL,MODERATE_SAMPLE,95,33,62,0.347368,6.488500,0.068300,1.130472,9.297500,1.146958,-0.827809,-0.611800,46,0.098913,49,0.039561,2025.03.11 06:25:00,2026.07.21 04:10:00
FastMedConfluence,CONFLUENCE,Full window,alignment,FULLY_ALIGNED,MODERATE_SAMPLE,64,20,44,0.312500,-0.483000,-0.007547,0.985814,11.047600,1.054675,-0.777725,-0.640350,26,0.449212,38,-0.320066,2025.03.27 17:30:00,2026.07.16 05:44:57
FastMedConfluence,CONFLUENCE,Full window,alignment,OPPOSED,STRONGER_DESCRIPTIVE_SAMPLE,123,49,74,0.398374,26.907000,0.218756,1.443584,6.862400,1.217568,-0.822776,-0.474000,63,0.302024,60,0.131325,2025.03.05 15:45:00,2026.07.21 04:39:58
FastMedConfluence,CONFLUENCE,Full window,alignment,PARTIALLY_ALIGNED,EXPLORATORY,37,12,25,0.324324,1.820700,0.049208,1.087712,4.447500,1.241073,-0.936951,-0.701800,18,-0.485100,19,0.555395,2025.03.11 08:55:00,2026.07.13 17:19:58
FastMedConfluence,CONFLUENCE,Full window,direction,BEARISH,STRONGER_DESCRIPTIVE_SAMPLE,104,39,65,0.375000,18.122100,0.174251,1.348837,11.125800,1.166825,-0.893157,-0.570950,33,0.405939,71,0.066565,2025.03.05 15:45:00,2026.07.21 04:10:00
FastMedConfluence,CONFLUENCE,Full window,direction,BULLISH,STRONGER_DESCRIPTIVE_SAMPLE,120,42,78,0.350000,10.122600,0.084355,1.159379,7.288200,1.181917,-0.772956,-0.551500,74,0.115935,46,0.033552,2025.03.11 06:25:00,2026.07.21 04:39:58
FastMedConfluence,CONFLUENCE,Full window,market_phase,BREAKOUT,EXPLORATORY,38,10,28,0.263158,-6.305100,-0.165924,0.731122,11.559000,0.923534,-0.919979,-1.000000,21,-0.044138,17,-0.316365,2025.03.27 17:30:00,2026.07.16 05:44:57
FastMedConfluence,CONFLUENCE,Full window,market_phase,COMPRESSION,INSUFFICIENT,11,5,6,0.454545,4.572600,0.415691,2.017920,3.461400,1.735373,-0.685164,-0.030700,4,0.634650,7,0.290571,2025.03.11 08:55:00,2026.07.21 04:10:00
FastMedConfluence,CONFLUENCE,Full window,market_phase,PULLBACK,MODERATE_SAMPLE,63,26,37,0.412698,16.914000,0.268476,1.542949,3.230200,1.270533,-0.888832,-0.414300,33,0.185697,30,0.359533,2025.03.05 19:00:00,2026.07.21 04:39:58
FastMedConfluence,CONFLUENCE,Full window,market_phase,TREND_CONTINUATION,EXPLORATORY,31,8,23,0.258065,-4.157500,-0.134113,0.749195,6.027200,1.020797,-0.721510,-0.639400,8,0.518150,23,-0.360987,2025.04.24 18:00:00,2026.05.13 19:35:00
FastMedConfluence,CONFLUENCE,Full window,market_phase,UNCLASSIFIED,MODERATE_SAMPLE,81,32,49,0.395062,17.220700,0.212601,1.432766,7.389000,1.201335,-0.799800,-0.505500,41,0.246105,40,0.178260,2025.03.05 15:45:00,2026.07.16 04:20:00
FastMedConfluence,CONFLUENCE,Full window,trend_strength,NORMAL,MODERATE_SAMPLE,57,26,31,0.456140,23.109400,0.405428,1.909472,4.544200,1.300893,-0.776242,-0.236400,24,0.551654,33,0.299082,2025.03.05 15:45:00,2026.07.21 04:39:58
FastMedConfluence,CONFLUENCE,Full window,trend_strength,STRONG,INSUFFICIENT,11,3,8,0.272727,-1.206000,-0.109636,0.769909,2.623500,0.723409,-0.724882,-0.322000,7,-0.046000,4,-0.221000,2025.03.27 13:45:00,2026.07.15 20:35:00
FastMedConfluence,CONFLUENCE,Full window,trend_strength,WEAK,STRONGER_DESCRIPTIVE_SAMPLE,156,52,104,0.333333,6.341300,0.040649,1.074769,12.463300,1.160714,-0.855279,-0.638750,76,0.119178,80,-0.033952,2025.03.05 17:05:00,2026.07.21 04:10:00
FastMedConfluence,CONFLUENCE,Full window,volatility,CONTRACTING,EXPLORATORY,35,7,28,0.200000,-11.855200,-0.338720,0.503771,11.930200,0.950103,-1.090231,-1.000000,15,-0.008313,20,-0.586525,2025.03.11 08:55:00,2026.07.15 20:35:00
FastMedConfluence,CONFLUENCE,Full window,volatility,EXPANDING,STRONGER_DESCRIPTIVE_SAMPLE,107,44,63,0.411215,27.312200,0.255254,1.539971,8.992400,1.210944,-0.745124,-0.380400,53,0.331562,54,0.180359,2025.03.05 15:45:00,2026.07.21 04:39:58
FastMedConfluence,CONFLUENCE,Full window,volatility,NORMAL,MODERATE_SAMPLE,82,30,52,0.365854,12.787700,0.155948,1.311962,6.357100,1.223844,-0.826300,-0.525950,39,0.116079,43,0.192107,2025.03.11 06:25:00,2026.07.21 04:10:00
FastMedContext,CONTEXT,Full window,alignment,FULLY_ALIGNED,MODERATE_SAMPLE,67,20,47,0.298507,-2.479400,-0.037006,0.931210,11.517900,1.019042,-0.784633,-0.639400,29,0.334097,38,-0.320216,2025.03.27 17:30:00,2026.07.16 05:44:57
FastMedContext,CONTEXT,Full window,alignment,OPPOSED,STRONGER_DESCRIPTIVE_SAMPLE,123,49,74,0.398374,27.557000,0.224041,1.462825,5.945800,1.205008,-0.847512,-0.414300,63,0.287575,60,0.157330,2025.03.05 15:45:00,2026.07.21 04:39:58
FastMedContext,CONTEXT,Full window,alignment,PARTIALLY_ALIGNED,EXPLORATORY,45,14,31,0.311111,-1.345600,-0.029902,0.948100,8.445200,1.268249,-1.013031,-0.750700,21,-0.519076,24,0.398125,2025.03.11 08:55:00,2026.07.13 17:19:58
FastMedContext,CONTEXT,Full window,direction,BEARISH,STRONGER_DESCRIPTIVE_SAMPLE,112,40,72,0.357143,14.524100,0.129679,1.261175,10.176800,1.101287,-0.914516,-0.496200,44,0.135470,68,0.125932,2025.03.05 15:45:00,2026.07.21 04:10:00
FastMedContext,CONTEXT,Full window,direction,BULLISH,STRONGER_DESCRIPTIVE_SAMPLE,123,43,80,0.349593,9.207900,0.074861,1.139725,7.120700,1.221291,-0.812805,-0.607300,69,0.158619,54,-0.032163,2025.03.11 06:25:00,2026.07.21 04:39:58
FastMedContext,CONTEXT,Full window,market_phase,BREAKOUT,EXPLORATORY,37,10,27,0.270270,-5.305100,-0.143381,0.763689,11.559000,0.944562,-0.911973,-1.000000,21,-0.044138,16,-0.273637,2025.03.27 17:30:00,2026.07.16 05:44:57
FastMedContext,CONTEXT,Full window,market_phase,COMPRESSION,INSUFFICIENT,14,5,9,0.357143,2.536700,0.181193,1.388588,4.272500,1.501686,-0.743129,-0.343100,7,0.044829,7,0.317557,2025.03.11 08:55:00,2026.07.21 04:10:00
FastMedContext,CONTEXT,Full window,market_phase,PULLBACK,MODERATE_SAMPLE,63,27,36,0.428571,18.238200,0.289495,1.610171,3.964600,1.307063,-0.873360,-0.230200,33,0.200452,30,0.387443,2025.03.05 19:00:00,2026.07.21 04:39:58
FastMedContext,CONTEXT,Full window,market_phase,TRANSITION,INSUFFICIENT,1,0,1,0.000000,-1.000000,-1.000000,0.000000,1.000000,0.163300,-1.387800,-1.000000,1,-1.000000,0,0.000000,2025.05.30 03:00:00,2025.05.30 03:14:58
FastMedContext,CONTEXT,Full window,market_phase,TREND_CONTINUATION,EXPLORATORY,33,8,25,0.242424,-5.591600,-0.169442,0.689540,7.340400,0.971636,-0.744573,-0.639400,11,0.195864,22,-0.352095,2025.04.22 19:40:00,2026.05.22 21:04:58
FastMedContext,CONTEXT,Full window,market_phase,UNCLASSIFIED,MODERATE_SAMPLE,87,33,54,0.379310,14.853800,0.170733,1.340434,9.943700,1.184118,-0.888202,-0.507600,40,0.243728,47,0.108611,2025.03.05 15:45:00,2026.07.16 04:20:00
FastMedContext,CONTEXT,Full window,trend_strength,NORMAL,MODERATE_SAMPLE,58,25,33,0.431034,21.405200,0.369055,1.805185,4.801000,1.285876,-0.796571,-0.298000,25,0.453864,33,0.304806,2025.03.05 15:45:00,2026.07.21 04:39:58
FastMedContext,CONTEXT,Full window,trend_strength,STRONG,INSUFFICIENT,11,3,8,0.272727,-1.069200,-0.097200,0.790542,2.623500,0.723409,-0.724882,-0.322000,7,-0.046000,4,-0.186800,2025.03.27 13:45:00,2026.07.15 20:35:00
FastMedContext,CONTEXT,Full window,trend_strength,WEAK,STRONGER_DESCRIPTIVE_SAMPLE,166,55,111,0.331325,3.396000,0.020458,1.037808,11.802500,1.150751,-0.892928,-0.633350,81,0.072602,85,-0.029233,2025.03.05 17:05:00,2026.07.21 04:10:00
FastMedContext,CONTEXT,Full window,volatility,CONTRACTING,EXPLORATORY,34,7,27,0.205882,-10.747100,-0.316091,0.528274,10.822100,0.918162,-1.002974,-1.000000,14,0.038979,20,-0.564640,2025.03.11 08:55:00,2026.07.15 20:35:00
FastMedContext,CONTEXT,Full window,volatility,EXPANDING,STRONGER_DESCRIPTIVE_SAMPLE,111,44,67,0.396396,27.708800,0.249629,1.536425,6.043400,1.192283,-0.794595,-0.363400,55,0.306047,56,0.194218,2025.03.05 15:45:00,2026.07.21 04:39:58
FastMedContext,CONTEXT,Full window,volatility,NORMAL,MODERATE_SAMPLE,90,32,58,0.355556,6.770300,0.075226,1.143824,8.092300,1.222246,-0.889996,-0.579100,44,-0.010748,46,0.157461,2025.03.11 06:25:00,2026.07.21 04:10:00
MedSlowContext,CONTEXT,Full window,alignment,FULLY_ALIGNED,STRONGER_DESCRIPTIVE_SAMPLE,123,41,82,0.333333,-0.342900,-0.002788,0.994918,12.198700,1.067906,-0.839008,-0.666200,62,0.075166,61,-0.082020,2025.03.05 09:20:00,2026.07.15 15:39:58
MedSlowContext,CONTEXT,Full window,alignment,OPPOSED,STRONGER_DESCRIPTIVE_SAMPLE,237,78,159,0.329114,-1.530300,-0.006457,0.987696,23.000300,1.041608,-0.817338,-0.562400,115,0.061834,122,-0.070830,2025.03.04 11:25:00,2026.07.21 05:39:58
MedSlowContext,CONTEXT,Full window,alignment,PARTIALLY_ALIGNED,MODERATE_SAMPLE,80,25,55,0.312500,-6.434100,-0.080426,0.857840,11.017000,0.957685,-1.044780,-0.761950,42,-0.270583,38,0.129747,2025.03.05 05:45:00,2026.07.15 19:20:00
MedSlowContext,CONTEXT,Full window,direction,BEARISH,STRONGER_DESCRIPTIVE_SAMPLE,222,73,149,0.328829,-0.933700,-0.004206,0.991877,23.247700,1.026962,-0.895642,-0.566900,78,0.174285,144,-0.100888,2025.03.04 11:25:00,2026.07.21 05:39:58
MedSlowContext,CONTEXT,Full window,direction,BULLISH,STRONGER_DESCRIPTIVE_SAMPLE,218,71,147,0.325688,-7.373600,-0.033824,0.939640,12.813600,1.040563,-0.833288,-0.706800,141,-0.093528,77,0.075505,2025.03.24 01:00:00,2026.07.16 05:39:58
MedSlowContext,CONTEXT,Full window,market_phase,BREAKOUT,INSUFFICIENT,3,1,2,0.333333,0.172800,0.057600,1.094571,1.827200,1.060733,-0.698067,-0.827200,3,0.057600,0,0.000000,2025.03.27 17:30:00,2025.05.30 16:44:58
MedSlowContext,CONTEXT,Full window,market_phase,COMPRESSION,INSUFFICIENT,4,2,2,0.500000,1.217000,0.304250,2.107673,1.000000,0.834500,-0.458500,0.108500,2,0.500000,2,0.108500,2025.05.12 06:25:00,2025.08.12 21:00:00
MedSlowContext,CONTEXT,Full window,market_phase,PULLBACK,STRONGER_DESCRIPTIVE_SAMPLE,115,40,75,0.347826,0.453800,0.003946,1.007629,17.894300,1.064200,-0.833501,-0.574400,48,0.125596,67,-0.083206,2025.03.04 16:30:00,2026.07.15 20:34:58
MedSlowContext,CONTEXT,Full window,market_phase,TRANSITION,INSUFFICIENT,2,1,1,0.500000,-0.230900,-0.115450,0.412319,0.392900,0.320450,-0.203900,-0.115450,0,0.000000,2,-0.115450,2025.04.03 19:55:00,2025.07.18 05:15:00
MedSlowContext,CONTEXT,Full window,market_phase,TREND_CONTINUATION,MODERATE_SAMPLE,99,31,68,0.313131,-4.822100,-0.048708,0.912646,11.035600,1.034016,-0.862137,-0.666200,54,0.053535,45,-0.171400,2025.03.05 09:20:00,2026.07.15 15:39:58
MedSlowContext,CONTEXT,Full window,market_phase,UNCLASSIFIED,STRONGER_DESCRIPTIVE_SAMPLE,217,69,148,0.317972,-5.097900,-0.023493,0.957197,16.368000,1.027265,-0.898383,-0.625500,112,-0.086479,105,0.043692,2025.03.04 11:25:00,2026.07.21 05:39:58
MedSlowContext,CONTEXT,Full window,trend_strength,NORMAL,MODERATE_SAMPLE,99,24,75,0.242424,-11.955900,-0.120767,0.771232,22.228800,0.908112,-0.754054,-0.562400,50,-0.111392,49,-0.130333,2025.03.04 11:25:00,2026.07.15 20:34:58
MedSlowContext,CONTEXT,Full window,trend_strength,STRONG,INSUFFICIENT,16,9,7,0.562500,7.714900,0.482181,2.133794,4.000000,1.200731,-0.706606,0.259700,9,0.512267,7,0.443500,2025.03.25 17:05:00,2026.07.15 19:20:00
MedSlowContext,CONTEXT,Full window,trend_strength,WEAK,STRONGER_DESCRIPTIVE_SAMPLE,325,111,214,0.341538,-4.066300,-0.012512,0.977161,24.140500,1.063734,-0.906254,-0.694300,160,0.008537,165,-0.032922,2025.03.04 21:35:00,2026.07.21 05:39:58
MedSlowContext,CONTEXT,Full window,volatility,CONTRACTING,MODERATE_SAMPLE,97,27,70,0.278351,-10.141000,-0.104546,0.812543,18.463200,0.985133,-1.044304,-0.681400,45,-0.169122,52,-0.048663,2025.03.04 23:15:00,2026.06.17 22:24:58
MedSlowContext,CONTEXT,Full window,volatility,EXPANDING,STRONGER_DESCRIPTIVE_SAMPLE,174,67,107,0.385057,15.885200,0.091294,1.186452,14.998900,1.102772,-0.775781,-0.408750,91,0.181788,83,-0.007922,2025.03.04 11:25:00,2026.07.21 05:39:58
MedSlowContext,CONTEXT,Full window,volatility,NORMAL,STRONGER_DESCRIPTIVE_SAMPLE,169,50,119,0.295858,-14.051500,-0.083145,0.856341,24.138700,0.990462,-0.853290,-0.719300,83,-0.102717,86,-0.064256,2025.03.04 21:35:00,2026.07.16 05:39:58
MediumBreakout,BREAKOUT,Full window,alignment,FULLY_ALIGNED,STRONGER_DESCRIPTIVE_SAMPLE,133,43,90,0.323308,-4.248400,-0.031943,0.941450,14.467900,1.048196,-0.950901,-0.613100,68,0.026419,65,-0.092998,2025.03.05 09:20:00,2026.07.15 15:59:58
MediumBreakout,BREAKOUT,Full window,alignment,OPPOSED,STRONGER_DESCRIPTIVE_SAMPLE,288,97,191,0.336806,-1.689300,-0.005866,0.988796,30.291500,1.040162,-0.826649,-0.579400,140,0.038006,148,-0.047366,2025.03.04 11:25:00,2026.07.21 05:39:58
MediumBreakout,BREAKOUT,Full window,alignment,PARTIALLY_ALIGNED,MODERATE_SAMPLE,92,26,66,0.282609,-15.325900,-0.166586,0.720548,18.525000,0.905843,-1.059760,-0.835550,43,-0.307249,49,-0.043147,2025.03.05 05:45:00,2026.07.15 14:44:58
MediumBreakout,BREAKOUT,Full window,direction,BEARISH,STRONGER_DESCRIPTIVE_SAMPLE,260,83,177,0.319231,-11.303500,-0.043475,0.918299,33.150300,0.992459,-0.935752,-0.607000,109,0.049111,151,-0.110309,2025.03.04 11:25:00,2026.07.21 05:39:58
MediumBreakout,BREAKOUT,Full window,direction,BULLISH,STRONGER_DESCRIPTIVE_SAMPLE,253,83,170,0.328063,-9.960100,-0.039368,0.928766,21.044200,1.044565,-0.864613,-0.652500,142,-0.080616,111,0.013400,2025.03.24 01:00:00,2026.07.16 05:39:58
MediumBreakout,BREAKOUT,Full window,market_phase,BREAKOUT,INSUFFICIENT,4,1,3,0.250000,-2.124500,-0.531125,0.128410,2.437500,0.438475,-0.745675,-0.718750,4,-0.531125,0,0.000000,2025.03.27 17:30:00,2025.12.10 05:15:00
MediumBreakout,BREAKOUT,Full window,market_phase,COMPRESSION,INSUFFICIENT,4,2,2,0.500000,1.217000,0.304250,2.107673,1.000000,0.834500,-0.458500,0.108500,2,0.500000,2,0.108500,2025.05.12 06:25:00,2025.08.12 21:00:00
MediumBreakout,BREAKOUT,Full window,market_phase,PULLBACK,STRONGER_DESCRIPTIVE_SAMPLE,141,52,89,0.368794,1.793600,0.012721,1.024447,21.541500,1.042204,-0.851188,-0.623100,58,0.081914,83,-0.035631,2025.03.04 16:30:00,2026.07.15 20:34:58
MediumBreakout,BREAKOUT,Full window,market_phase,TRANSITION,INSUFFICIENT,4,1,3,0.250000,-2.070900,-0.517725,0.072551,2.232900,0.617775,-0.703675,-0.616450,1,-1.000000,3,-0.356967,2025.04.03 19:55:00,2025.07.18 05:15:00
MediumBreakout,BREAKOUT,Full window,market_phase,TREND_CONTINUATION,STRONGER_DESCRIPTIVE_SAMPLE,105,31,74,0.295238,-8.849900,-0.084285,0.850762,12.035600,1.022770,-0.964856,-0.666200,58,0.019655,47,-0.212551,2025.03.05 09:20:00,2026.07.15 15:59:58
MediumBreakout,BREAKOUT,Full window,market_phase,UNCLASSIFIED,STRONGER_DESCRIPTIVE_SAMPLE,255,79,176,0.309804,-11.228900,-0.044035,0.919643,21.402800,1.021215,-0.914054,-0.625500,128,-0.077038,127,-0.010772,2025.03.04 11:25:00,2026.07.21 05:39:58
MediumBreakout,BREAKOUT,Full window,trend_strength,NORMAL,STRONGER_DESCRIPTIVE_SAMPLE,106,27,79,0.254717,-10.464000,-0.098717,0.811000,24.359500,0.949046,-0.749121,-0.552500,52,-0.005098,54,-0.188869,2025.03.04 11:25:00,2026.07.15 20:34:58
MediumBreakout,BREAKOUT,Full window,trend_strength,STRONG,INSUFFICIENT,15,9,6,0.600000,8.519400,0.567960,2.419900,4.000000,1.262827,-0.698493,0.414900,8,0.676863,7,0.443500,2025.03.25 17:05:00,2026.06.05 16:39:57
MediumBreakout,BREAKOUT,Full window,trend_strength,WEAK,STRONGER_DESCRIPTIVE_SAMPLE,392,130,262,0.331633,-19.319000,-0.049283,0.910894,34.909800,1.027482,-0.949383,-0.703900,191,-0.058870,201,-0.040173,2025.03.04 21:35:00,2026.07.21 05:39:58
MediumBreakout,BREAKOUT,Full window,volatility,CONTRACTING,STRONGER_DESCRIPTIVE_SAMPLE,124,36,88,0.290323,-12.790600,-0.103150,0.816802,20.495300,0.990584,-1.071077,-0.715350,54,-0.186928,70,-0.038521,2025.03.04 23:15:00,2026.06.17 22:24:58
MediumBreakout,BREAKOUT,Full window,volatility,EXPANDING,STRONGER_DESCRIPTIVE_SAMPLE,190,73,117,0.384211,8.965600,0.047187,1.094358,18.957800,1.090612,-0.832517,-0.462750,98,0.147979,92,-0.060177,2025.03.04 11:25:00,2026.07.21 05:39:58
MediumBreakout,BREAKOUT,Full window,volatility,NORMAL,STRONGER_DESCRIPTIVE_SAMPLE,199,57,142,0.286432,-17.438600,-0.087631,0.846138,26.685900,0.966159,-0.859551,-0.709400,99,-0.106083,100,-0.069364,2025.03.04 21:35:00,2026.07.16 05:39:58
NestedPullback,PULLBACK,Full window,alignment,FULLY_ALIGNED,EXPLORATORY,41,10,31,0.243902,-9.452300,-0.230544,0.656692,11.518700,1.043537,-0.842020,-1.000000,14,0.406814,27,-0.561026,2025.04.24 18:00:00,2026.05.13 21:50:00
NestedPullback,PULLBACK,Full window,alignment,OPPOSED,MODERATE_SAMPLE,83,34,49,0.409639,13.129500,0.158187,1.294288,8.470300,1.210470,-0.779042,-0.832600,45,0.425611,38,-0.158500,2025.03.05 15:45:00,2026.07.22 04:09:58
NestedPullback,PULLBACK,Full window,alignment,PARTIALLY_ALIGNED,INSUFFICIENT,12,2,10,0.166667,-6.505200,-0.542100,0.293604,7.209000,0.687250,-0.981442,-1.000000,6,-0.612650,6,-0.471550,2025.05.30 15:10:00,2026.07.10 07:25:00
NestedPullback,PULLBACK,Full window,direction,BEARISH,MODERATE_SAMPLE,65,24,41,0.369231,4.843100,0.074509,1.131286,12.331000,1.218005,-0.817402,-1.000000,23,0.508496,42,-0.163150,2025.03.05 15:45:00,2026.07.22 04:09:58
NestedPullback,PULLBACK,Full window,direction,BULLISH,MODERATE_SAMPLE,71,22,49,0.309859,-7.671100,-0.108044,0.827486,17.374900,1.018742,-0.814500,-1.000000,42,0.225633,29,-0.591300,2025.03.11 12:10:00,2026.07.16 05:39:58
NestedPullback,PULLBACK,Full window,market_phase,BREAKOUT,INSUFFICIENT,12,2,10,0.166667,-6.505200,-0.542100,0.293604,7.209000,0.687250,-0.981442,-1.000000,6,-0.612650,6,-0.471550,2025.05.30 15:10:00,2026.07.10 07:25:00
NestedPullback,PULLBACK,Full window,market_phase,COMPRESSION,INSUFFICIENT,5,2,3,0.400000,0.710300,0.142060,1.314389,1.289700,1.220960,-0.539300,-0.259300,1,2.000000,4,-0.322425,2025.07.21 08:10:00,2026.07.22 04:09:58
NestedPullback,PULLBACK,Full window,market_phase,PULLBACK,INSUFFICIENT,11,5,6,0.454545,4.000000,0.363636,1.666667,4.000000,1.751027,-1.000600,-1.000000,9,0.666667,2,-1.000000,2025.06.12 04:05:00,2026.05.14 13:14:57
NestedPullback,PULLBACK,Full window,market_phase,TREND_CONTINUATION,EXPLORATORY,33,7,26,0.212121,-10.452300,-0.316736,0.536134,10.533000,0.961879,-0.866424,-1.000000,9,0.188378,24,-0.506154,2025.04.24 18:00:00,2026.05.13 21:50:00
NestedPullback,PULLBACK,Full window,market_phase,UNCLASSIFIED,MODERATE_SAMPLE,75,30,45,0.400000,9.419200,0.125589,1.227764,9.198500,1.148612,-0.758509,-0.966800,40,0.378812,35,-0.163809,2025.03.05 15:45:00,2026.07.16 05:39:58
NestedPullback,PULLBACK,Full window,trend_strength,NORMAL,EXPLORATORY,33,11,22,0.333333,-0.469700,-0.014233,0.976479,6.000000,1.059230,-0.736506,-1.000000,14,0.439286,19,-0.348405,2025.03.05 15:45:00,2026.07.01 16:30:00
NestedPullback,PULLBACK,Full window,trend_strength,STRONG,INSUFFICIENT,5,1,4,0.200000,-1.745600,-0.349120,0.533960,2.000000,0.755020,-0.840740,-1.000000,3,0.000000,2,-0.872800,2025.03.27 13:45:00,2026.05.26 14:59:58
NestedPullback,PULLBACK,Full window,trend_strength,WEAK,MODERATE_SAMPLE,98,34,64,0.346939,-0.612700,-0.006252,0.989371,17.389200,1.150728,-0.841349,-1.000000,48,0.312958,50,-0.312694,2025.03.11 12:10:00,2026.07.22 04:09:58
NestedPullback,PULLBACK,Full window,volatility,CONTRACTING,EXPLORATORY,21,5,16,0.238095,-8.329300,-0.396633,0.421548,8.329300,0.899829,-0.946014,-1.000000,10,0.066750,11,-0.817891,2025.03.25 21:15:00,2026.06.15 05:15:00
NestedPullback,PULLBACK,Full window,volatility,EXPANDING,MODERATE_SAMPLE,69,27,42,0.391304,8.554200,0.123974,1.222036,9.810800,1.202665,-0.788025,-0.832600,33,0.324482,36,-0.059825,2025.03.05 15:45:00,2026.07.10 17:34:58
NestedPullback,PULLBACK,Full window,volatility,NORMAL,EXPLORATORY,46,14,32,0.304348,-3.052900,-0.066367,0.892620,11.157300,1.078711,-0.798274,-1.000000,22,0.445300,24,-0.535396,2025.03.11 12:10:00,2026.07.22 04:09:58
SlowBreakout,BREAKOUT,Full window,alignment,FULLY_ALIGNED,STRONGER_DESCRIPTIVE_SAMPLE,116,36,80,0.310345,1.132400,0.009762,1.018227,12.976700,1.137622,-1.038478,-0.667750,60,0.087693,56,-0.073736,2025.03.07 08:30:00,2026.07.21 04:20:00
SlowBreakout,BREAKOUT,Full window,alignment,OPPOSED,STRONGER_DESCRIPTIVE_SAMPLE,168,56,112,0.333333,-3.266600,-0.019444,0.963058,12.787200,1.056130,-0.792299,-0.640350,86,0.121123,82,-0.166868,2025.03.03 01:00:00,2026.07.23 23:59:59
SlowBreakout,BREAKOUT,Full window,alignment,PARTIALLY_ALIGNED,MODERATE_SAMPLE,53,20,33,0.377358,-2.292200,-0.043249,0.909099,6.722600,1.536674,-0.801123,-0.339400,27,-0.039022,26,-0.047638,2025.03.24 05:55:00,2026.06.19 17:15:00
SlowBreakout,BREAKOUT,Full window,direction,BEARISH,STRONGER_DESCRIPTIVE_SAMPLE,170,53,117,0.311765,-10.738300,-0.063166,0.879134,20.976100,1.000975,-0.871912,-0.570250,69,-0.024542,101,-0.089553,2025.03.03 01:00:00,2026.07.17 18:05:00
SlowBreakout,BREAKOUT,Full window,direction,BULLISH,STRONGER_DESCRIPTIVE_SAMPLE,167,59,108,0.353293,6.311900,0.037796,1.072613,17.834200,1.321389,-0.885055,-0.514500,104,0.156904,63,-0.158827,2025.03.18 22:00:00,2026.07.23 23:59:59
SlowBreakout,BREAKOUT,Full window,market_phase,BREAKOUT,INSUFFICIENT,3,0,3,0.000000,-2.476100,-0.825367,0.000000,2.476100,0.382167,-0.925233,-1.000000,2,-0.738050,1,-1.000000,2025.05.30 15:10:00,2025.12.08 09:50:00
SlowBreakout,BREAKOUT,Full window,market_phase,COMPRESSION,INSUFFICIENT,8,3,5,0.375000,-0.847300,-0.105912,0.746742,2.345600,0.905562,-0.505537,-0.172800,4,0.004275,4,-0.216100,2025.06.02 01:00:00,2026.07.01 16:30:00
SlowBreakout,BREAKOUT,Full window,market_phase,PULLBACK,MODERATE_SAMPLE,68,22,46,0.323529,-2.191400,-0.032226,0.942802,11.080600,1.152850,-0.933365,-0.841800,32,0.002244,36,-0.062867,2025.03.25 03:30:00,2026.07.21 04:39:58
SlowBreakout,BREAKOUT,Full window,market_phase,TRANSITION,INSUFFICIENT,3,0,3,0.000000,-2.527800,-0.842600,0.000000,2.527800,0.314367,-1.114300,-1.000000,2,-1.000000,1,-0.527800,2025.05.30 01:50:00,2026.03.12 18:14:58
SlowBreakout,BREAKOUT,Full window,market_phase,TREND_CONTINUATION,MODERATE_SAMPLE,92,29,63,0.315217,0.394600,0.004289,1.008075,9.633200,1.126066,-0.936648,-0.673200,45,0.121822,47,-0.108243,2025.03.07 08:30:00,2026.07.10 16:25:00
SlowBreakout,BREAKOUT,Full window,market_phase,UNCLASSIFIED,STRONGER_DESCRIPTIVE_SAMPLE,163,58,105,0.355828,3.221600,0.019764,1.040149,13.521400,1.223998,-0.835742,-0.418200,88,0.142384,75,-0.124109,2025.03.03 01:00:00,2026.07.23 23:59:59
SlowBreakout,BREAKOUT,Full window,trend_strength,NORMAL,MODERATE_SAMPLE,71,20,51,0.281690,-7.482600,-0.105389,0.805948,16.029000,1.489901,-1.005076,-0.584400,33,0.006667,38,-0.202700,2025.03.06 13:30:00,2026.07.21 04:39:58
SlowBreakout,BREAKOUT,Full window,trend_strength,STRONG,INSUFFICIENT,11,5,6,0.454545,-0.218700,-0.019882,0.951735,2.614200,0.964400,-0.665964,-0.231100,7,-0.098214,4,0.117200,2025.03.03 01:00:00,2026.07.16 05:39:58
SlowBreakout,BREAKOUT,Full window,trend_strength,WEAK,STRONGER_DESCRIPTIVE_SAMPLE,255,87,168,0.341176,3.274900,0.012843,1.024683,16.539100,1.076260,-0.852326,-0.639700,133,0.113474,122,-0.096862,2025.03.18 22:00:00,2026.07.23 23:59:59
SlowBreakout,BREAKOUT,Full window,volatility,CONTRACTING,MODERATE_SAMPLE,75,14,61,0.186667,-21.590200,-0.287869,0.533680,27.714600,0.920956,-1.093289,-0.759000,37,-0.111400,38,-0.459695,2025.03.18 22:00:00,2026.07.21 04:20:00
SlowBreakout,BREAKOUT,Full window,volatility,EXPANDING,STRONGER_DESCRIPTIVE_SAMPLE,126,53,73,0.420635,22.135500,0.175679,1.381934,6.325400,1.399832,-0.730819,-0.281800,65,0.293797,61,0.049815,2025.03.06 13:30:00,2026.07.23 23:59:59
SlowBreakout,BREAKOUT,Full window,volatility,NORMAL,STRONGER_DESCRIPTIVE_SAMPLE,136,45,91,0.330882,-4.971700,-0.036557,0.930480,16.036100,1.069024,-0.896686,-0.688600,71,-0.004935,65,-0.071097,2025.03.03 01:00:00,2026.07.16 05:39:58
WeightedEnsemble,ENSEMBLE,Full window,alignment,FULLY_ALIGNED,MODERATE_SAMPLE,74,20,54,0.270270,-6.097800,-0.082403,0.853265,12.020000,0.989193,-0.824909,-0.646550,33,0.167876,41,-0.283846,2025.03.27 17:30:00,2026.07.16 05:44:57
WeightedEnsemble,ENSEMBLE,Full window,alignment,OPPOSED,STRONGER_DESCRIPTIVE_SAMPLE,142,57,85,0.401408,29.027600,0.204420,1.441207,8.739900,1.165074,-0.787828,-0.302450,74,0.316634,68,0.082304,2025.03.05 15:45:00,2026.07.21 04:39:58
WeightedEnsemble,ENSEMBLE,Full window,alignment,PARTIALLY_ALIGNED,EXPLORATORY,45,14,31,0.311111,-2.641800,-0.058707,0.898105,9.445200,1.224656,-1.010024,-0.750700,21,-0.437943,24,0.273125,2025.03.11 08:55:00,2026.07.10 07:25:00
WeightedEnsemble,ENSEMBLE,Full window,direction,BEARISH,STRONGER_DESCRIPTIVE_SAMPLE,128,44,84,0.343750,9.428200,0.073658,1.144186,11.219200,1.074002,-0.888566,-0.570950,50,0.074158,78,0.073337,2025.03.05 15:45:00,2026.07.21 04:10:00
WeightedEnsemble,ENSEMBLE,Full window,direction,BULLISH,STRONGER_DESCRIPTIVE_SAMPLE,133,47,86,0.353383,10.859800,0.081653,1.159973,9.671500,1.175023,-0.786689,-0.507600,78,0.205976,55,-0.094660,2025.03.11 06:25:00,2026.07.21 04:39:58
WeightedEnsemble,ENSEMBLE,Full window,market_phase,BREAKOUT,EXPLORATORY,40,12,28,0.300000,-3.601300,-0.090033,0.846424,10.855200,0.950070,-0.914340,-1.000000,22,-0.010141,18,-0.187678,2025.03.27 17:30:00,2026.07.16 05:44:57
WeightedEnsemble,ENSEMBLE,Full window,market_phase,COMPRESSION,INSUFFICIENT,14,5,9,0.357143,2.536700,0.181193,1.388588,4.272500,1.501686,-0.743129,-0.343100,7,0.044829,7,0.317557,2025.03.11 08:55:00,2026.07.21 04:10:00
WeightedEnsemble,ENSEMBLE,Full window,market_phase,PULLBACK,MODERATE_SAMPLE,61,27,34,0.442623,21.227700,0.347995,1.789110,4.159100,1.309816,-0.836149,-0.175500,31,0.316210,30,0.380840,2025.03.05 19:00:00,2026.07.21 04:39:58
WeightedEnsemble,ENSEMBLE,Full window,market_phase,TRANSITION,INSUFFICIENT,1,0,1,0.000000,-1.000000,-1.000000,0.000000,1.000000,0.163300,-1.387800,-1.000000,1,-1.000000,0,0.000000,2025.05.30 03:00:00,2025.05.30 03:14:58
WeightedEnsemble,ENSEMBLE,Full window,market_phase,TREND_CONTINUATION,EXPLORATORY,36,7,29,0.194444,-8.334800,-0.231522,0.596356,8.334800,0.889706,-0.774856,-0.640350,12,0.083800,24,-0.389183,2025.04.22 19:40:00,2026.05.22 21:04:58
WeightedEnsemble,ENSEMBLE,Full window,market_phase,UNCLASSIFIED,STRONGER_DESCRIPTIVE_SAMPLE,109,40,69,0.366972,9.459700,0.086786,1.172789,10.957900,1.125068,-0.835788,-0.505500,55,0.179549,54,-0.007694,2025.03.05 15:45:00,2026.07.16 04:20:00
WeightedEnsemble,ENSEMBLE,Full window,trend_strength,NORMAL,MODERATE_SAMPLE,60,26,34,0.433333,21.686600,0.361443,1.808221,4.307800,1.249297,-0.764767,-0.298000,26,0.554562,34,0.213765,2025.03.05 15:45:00,2026.07.21 04:39:58
WeightedEnsemble,ENSEMBLE,Full window,trend_strength,STRONG,INSUFFICIENT,11,3,8,0.272727,-1.267300,-0.115209,0.761009,2.623500,0.711055,-0.717282,-0.322000,7,-0.046000,4,-0.236325,2025.03.27 13:45:00,2026.07.15 20:35:00
WeightedEnsemble,ENSEMBLE,Full window,trend_strength,WEAK,STRONGER_DESCRIPTIVE_SAMPLE,190,62,128,0.326316,-0.131300,-0.000691,0.998702,19.674100,1.110373,-0.866263,-0.619550,95,0.059762,95,-0.061144,2025.03.05 17:05:00,2026.07.21 04:10:00
WeightedEnsemble,ENSEMBLE,Full window,volatility,CONTRACTING,EXPLORATORY,38,9,29,0.236842,-11.364700,-0.299071,0.515780,11.439700,0.884311,-0.952879,-0.960850,18,-0.068811,20,-0.506305,2025.03.11 08:55:00,2026.07.15 20:35:00
WeightedEnsemble,ENSEMBLE,Full window,volatility,EXPANDING,STRONGER_DESCRIPTIVE_SAMPLE,126,49,77,0.388889,27.164200,0.215589,1.467756,7.043400,1.159966,-0.773244,-0.306600,64,0.257228,62,0.172606,2025.03.05 15:45:00,2026.07.21 04:39:58
WeightedEnsemble,ENSEMBLE,Full window,volatility,NORMAL,MODERATE_SAMPLE,97,33,64,0.340206,4.488500,0.046273,1.086766,11.297500,1.175163,-0.873484,-0.639400,46,0.098913,51,-0.001206,2025.03.11 06:25:00,2026.07.21 04:10:00
