trade_id,entry_time,opposite_signal_time,exit_price,r_at_opposite_close,subsequent_reversal_entered,event_id,stop_target_only_outcome,stop_target_only_exit_time,stop_target_only_r
MSZZC1|6:XAUUSD|1:5|1:1|1:4|33:SSRP|ASIA_LOW|20250305|1741189800,2025.03.05 16:05:00,2025.03.05 17:10:00,2916.92000000,1.0289,true,SSRP|ASIA_HIGH|20250305|1741194300|FINAL,TARGET,2025.03.05 18:20:00,2.0
MSZZC1|6:XAUUSD|1:5|2:-1|1:4|34:SSRP|ASIA_HIGH|20250307|1741368900,2025.03.07 17:50:00,2025.03.10 09:35:00,2909.95000000,0.1303,true,SSRP|ASIA_LOW|20250310|1741598700|FINAL,TARGET,2025.03.10 21:35:00,2.0
MSZZC1|6:XAUUSD|1:5|2:-1|1:4|34:SSRP|ASIA_HIGH|20250312|1741773900,2025.03.12 10:25:00,2025.03.12 11:10:00,2911.71000000,1.4576,true,SSRP|ASIA_LOW|20250312|1741777500|FINAL,TARGET,2025.03.12 11:20:00,2.0
MSZZC1|6:XAUUSD|1:5|2:-1|1:4|34:SSRP|ASIA_HIGH|20250314|1741962600,2025.03.14 14:40:00,2025.03.14 19:05:00,2984.98000000,0.4799,true,SSRP|ASIA_LOW|20250314|1741978800|FINAL,STOP,2025.03.18 03:30:00,-1.0
MSZZC1|6:XAUUSD|1:5|2:-1|1:4|34:SSRP|ASIA_HIGH|20250319|1742375100,2025.03.19 09:15:00,2025.03.19 11:45:00,3028.50000000,1.6051,true,SSRP|ASIA_LOW|20250319|1742384400|FINAL,TARGET,2025.03.19 11:55:00,2.0
MSZZC1|6:XAUUSD|1:5|1:1|1:4|33:SSRP|ASIA_LOW|20250625|1750870800,2025.06.25 17:30:00,2025.06.25 22:45:00,3334.20000000,1.2426,true,SSRP|ASIA_HIGH|20250625|1750891200|FINAL,TARGET,2025.06.26 05:50:00,2.0
MSZZC1|6:XAUUSD|1:5|1:1|1:4|33:SSRP|ASIA_LOW|20250702|1751452800,2025.07.02 10:50:00,2025.07.02 13:45:00,3344.13000000,0.8847,true,SSRP|ASIA_HIGH|20250702|1751463600|FINAL,TARGET,2025.07.02 21:55:00,2.0
MSZZC1|6:XAUUSD|1:5|2:-1|1:4|34:SSRP|ASIA_HIGH|20250710|1752165600,2025.07.10 16:50:00,2025.07.10 17:00:00,3314.52000000,0.5732,true,SSRP|ASIA_LOW|20250710|1752166500|FINAL,STOP,2025.07.11 03:30:00,-1.0
MSZZC1|6:XAUUSD|1:5|1:1|1:4|33:SSRP|ASIA_LOW|20250805|1754410500,2025.08.05 16:35:00,2025.08.05 19:30:00,3382.17000000,0.8074,true,SSRP|ASIA_HIGH|20250805|1754421000|FINAL,STOP,2025.08.06 11:15:00,-1.0
MSZZC1|6:XAUUSD|1:5|2:-1|1:4|34:SSRP|ASIA_HIGH|20250805|1754421000,2025.08.05 19:35:00,2025.08.06 08:30:00,3372.97000000,1.2603,true,SSRP|ASIA_LOW|20250806|1754468400|FINAL,TARGET,2025.08.06 11:15:00,2.0
MSZZC1|6:XAUUSD|1:5|1:1|1:4|33:SSRP|ASIA_LOW|20250812|1755021300,2025.08.12 18:15:00,2025.08.12 18:30:00,3351.40000000,0.7729,true,SSRP|ASIA_HIGH|20250812|1755023100|FINAL,TARGET,2025.08.13 12:40:00,2.0
MSZZC1|6:XAUUSD|1:5|2:-1|1:4|34:SSRP|ASIA_HIGH|20250909|1757437200,2025.09.09 17:10:00,2025.09.09 18:20:00,3639.51000000,0.3538,true,SSRP|ASIA_LOW|20250909|1757441700|FINAL,STOP,2025.09.15 18:50:00,-1.0
MSZZC1|6:XAUUSD|1:5|1:1|1:4|33:SSRP|ASIA_LOW|20250911|1757604300,2025.09.11 15:35:00,2025.09.12 08:20:00,3655.13000000,0.6194,true,SSRP|ASIA_HIGH|20250912|1757664600|FINAL,TARGET,2025.09.16 09:45:00,2.0
MSZZC1|6:XAUUSD|1:5|1:1|1:4|33:SSRP|ASIA_LOW|20250917|1758142800,2025.09.17 21:10:00,2025.09.17 21:10:00,3687.78000000,-0.3252,true,SSRP|ASIA_HIGH|20250917|1758143100|FINAL,STOP,2025.09.17 21:50:00,-1.0
MSZZC1|6:XAUUSD|1:5|1:1|1:4|33:SSRP|ASIA_LOW|20250925|1758818700,2025.09.25 17:00:00,2025.09.25 22:20:00,3751.63000000,1.4444,true,SSRP|ASIA_HIGH|20250925|1758838500|FINAL,TARGET,2025.09.26 16:05:00,2.0
MSZZC1|6:XAUUSD|1:5|2:-1|1:4|34:SSRP|ASIA_HIGH|20251014|1760430600,2025.10.14 08:40:00,2025.10.14 09:25:00,4114.16000000,0.6884,true,SSRP|ASIA_LOW|20251014|1760433600|FINAL,STOP,2025.10.15 04:05:00,-1.0
MSZZC1|6:XAUUSD|1:5|2:-1|1:4|34:SSRP|ASIA_HIGH|20251205|1764957900,2025.12.05 18:15:00,2025.12.05 23:20:00,4197.28000000,0.1647,true,SSRP|ASIA_LOW|20251205|1764976500|FINAL,STOP,2025.12.11 02:10:00,-1.0
MSZZC1|6:XAUUSD|1:5|1:1|1:4|33:SSRP|ASIA_LOW|20251210|1765400100,2025.12.10 21:05:00,2025.12.10 21:15:00,4212.37000000,0.3869,true,SSRP|ASIA_HIGH|20251210|1765401000|FINAL,STOP,2025.12.10 21:40:00,-1.0
MSZZC1|6:XAUUSD|1:5|2:-1|1:4|34:SSRP|ASIA_HIGH|20251212|1765562100,2025.12.12 18:05:00,2025.12.12 18:45:00,4278.67000000,-0.0710,true,SSRP|ASIA_LOW|20251212|1765564800|FINAL,STOP,2025.12.12 20:10:00,-1.0
MSZZC1|6:XAUUSD|1:5|1:1|1:4|33:SSRP|ASIA_LOW|20251212|1765564800,2025.12.12 18:50:00,2025.12.12 19:25:00,4282.16000000,0.1548,true,SSRP|ASIA_HIGH|20251212|1765567200|FINAL,TARGET,2025.12.15 03:40:00,2.0
MSZZC1|6:XAUUSD|1:5|2:-1|1:4|34:SSRP|ASIA_HIGH|20251217|1765992600,2025.12.17 17:40:00,2025.12.18 11:00:00,4328.50000000,0.4127,true,SSRP|ASIA_LOW|20251218|1766055300|FINAL,STOP,2025.12.18 18:10:00,-1.0
MSZZC1|6:XAUUSD|1:5|2:-1|1:4|34:SSRP|ASIA_HIGH|20251218|1766084400,2025.12.18 19:10:00,2025.12.18 19:15:00,4331.33000000,-0.0523,true,SSRP|ASIA_LOW|20251218|1766085000|FINAL,STOP,2025.12.22 02:05:00,-1.0
MSZZC1|6:XAUUSD|1:5|2:-1|1:4|34:SSRP|ASIA_HIGH|20260211|1770823500,2026.02.11 15:35:00,2026.02.11 15:35:00,5066.47000000,-0.4028,true,SSRP|ASIA_LOW|20260211|1770823800|FINAL,STOP,2026.02.11 19:15:00,-1.0
MSZZC1|6:XAUUSD|1:5|1:1|1:4|33:SSRP|ASIA_LOW|20260211|1770823800,2026.02.11 15:40:00,2026.02.11 15:40:00,5059.71000000,-0.1405,true,SSRP|ASIA_HIGH|20260211|1770823800|FINAL,STOP,2026.02.12 18:10:00,-1.0
MSZZC1|6:XAUUSD|1:5|1:1|1:4|33:SSRP|ASIA_LOW|20260217|1771344000,2026.02.17 16:10:00,2026.02.18 09:15:00,4934.22000000,0.7892,true,SSRP|ASIA_HIGH|20260218|1771405800|FINAL,TARGET,2026.02.18 17:00:00,2.0
MSZZC1|6:XAUUSD|1:5|2:-1|1:4|34:SSRP|ASIA_HIGH|20260310|1773177000,2026.03.10 21:20:00,2026.03.11 11:30:00,5185.44000000,-0.2327,true,SSRP|ASIA_LOW|20260311|1773228300|FINAL,TARGET,2026.03.12 23:30:00,2.0
MSZZC1|6:XAUUSD|1:5|1:1|1:4|33:SSRP|ASIA_LOW|20260323|1774274400,2026.03.23 14:10:00,2026.03.27 10:40:00,4448.41000000,0.2986,true,SSRP|ASIA_HIGH|20260327|1774607700|FINAL,TARGET,2026.03.31 22:50:00,2.0
MSZZC1|6:XAUUSD|1:5|1:1|1:4|33:SSRP|ASIA_LOW|20260501|1777653900,2026.05.01 16:55:00,2026.05.01 17:05:00,4634.62000000,0.9572,true,SSRP|ASIA_HIGH|20260501|1777654800|FINAL,TARGET,2026.05.01 17:10:00,2.0
MSZZC1|6:XAUUSD|1:5|2:-1|1:4|34:SSRP|ASIA_HIGH|20260609|1781023500,2026.06.09 16:55:00,2026.06.09 17:20:00,4318.53000000,0.5317,true,SSRP|ASIA_LOW|20260609|1781025300|FINAL,TARGET,2026.06.09 18:30:00,2.0
MSZZC1|6:XAUUSD|1:5|2:-1|1:4|34:SSRP|ASIA_HIGH|20260617|1781729700,2026.06.17 21:05:00,2026.06.17 21:40:00,4323.89000000,-0.1140,true,SSRP|ASIA_LOW|20260617|1781732100|FINAL,TARGET,2026.06.19 03:05:00,2.0
