dimension,bucket,trade_count,gross_profit_r,gross_loss_r,pf,expectancy_r,total_r,win_rate,long_count,short_count,dev_count,dev_expectancy_r,val_count,val_expectancy_r,holdout_count,holdout_expectancy_r
strategy_book,FastMedConfluence_E3R,196,142.6543,114.5349,1.2455,0.1435,28.1194,0.301,92,104,114,0.056,45,0.2869,37,0.2385
strategy_book,SweepReclaim_2R,134,97.5261,78.0372,1.2497,0.1454,19.4889,0.3731,69,65,89,0.1507,22,-0.0015,23,0.2657
direction,LONG,161,121.4033,89.7983,1.352,0.1963,31.605,0.3478,161,0,104,0.3068,26,0.0552,31,-0.056
direction,SHORT,169,118.7771,102.7738,1.1557,0.0947,16.0034,0.3136,0,169,99,-0.1224,41,0.2791,29,0.575
hour,1,18,13.0307,11.2845,1.1547,0.097,1.7462,0.3333,11,7,9,-0.1824,5,0.8619,4,-0.2304
hour,10,18,19.7304,8.6199,2.2889,0.6172,11.1105,0.4444,10,8,14,0.865,3,-1.0,1,2.0
hour,11,8,4.0,3.8879,1.0288,0.014,0.1121,0.25,3,5,4,0.6479,1,-1.0,3,-0.4931
hour,12,9,12.0,4.0,3.0,0.8889,8.0,0.5556,6,3,3,2.3333,3,0.3333,3,-0.0
hour,13,10,8.5297,5.2003,1.6402,0.3329,3.3294,0.4,5,5,8,0.1662,2,1.0,0,
hour,14,8,6.0,5.3956,1.112,0.0755,0.6044,0.25,7,1,5,0.6,1,-1.0,2,-0.6978
hour,15,21,5.9247,15.5579,0.3808,-0.4587,-9.6333,0.1429,8,13,16,-0.5971,3,0.3333,2,-0.5401
hour,16,28,20.3249,16.5875,1.2253,0.1335,3.7374,0.3571,11,17,18,0.0122,3,-1.0,7,0.9312
hour,17,25,24.5636,12.5218,1.9617,0.4817,12.0418,0.44,11,14,16,0.3073,8,1.0157,1,-1.0
hour,18,23,10.0,14.7909,0.6761,-0.2083,-4.7909,0.1739,14,9,15,-0.2886,3,0.3333,5,-0.2923
hour,19,17,20.2337,5.5152,3.6688,0.8658,14.7186,0.5882,10,7,9,0.9301,3,-0.3222,5,1.4628
hour,2,11,8.0,5.1311,1.5591,0.2608,2.8689,0.3636,7,4,8,0.2385,1,2.0,2,-0.5194
hour,20,17,11.0354,9.7095,1.1366,0.078,1.3259,0.3529,6,11,11,-0.3822,3,1.3333,3,0.51
hour,21,10,4.0433,8.0,0.5054,-0.3957,-3.9567,0.2,3,7,7,-0.4286,1,-1.0,2,0.0216
hour,22,10,12.0,4.5379,2.6444,0.7462,7.4621,0.5,4,6,4,0.6155,5,1.2,1,-1.0
hour,23,4,4.0,1.3573,2.947,0.6607,2.6427,0.5,3,1,2,0.8213,0,,2,0.5
hour,3,14,7.2164,10.0782,0.716,-0.2044,-2.8617,0.2143,6,8,12,-0.4051,2,1.0,0,
hour,4,17,16.0,7.641,2.094,0.4917,8.359,0.4118,8,9,9,0.3984,3,0.4705,5,0.6724
hour,5,17,10.0,11.5992,0.8621,-0.0941,-1.5992,0.2353,9,8,11,0.4001,2,-1.0,4,-1.0
hour,6,17,7.5475,9.7262,0.776,-0.1282,-2.1787,0.2941,6,11,8,0.0342,5,-1.0,4,0.6369
hour,7,7,5.0,5.0,1.0,-0.0,-0.0,0.2857,4,3,3,-1.0,4,0.75,0,
hour,8,12,8.0,9.0,0.8889,-0.0833,-1.0,0.25,6,6,5,0.4,4,-1.0,3,0.3333
hour,9,9,3.0,7.43,0.4038,-0.4922,-4.43,0.1111,3,6,6,-0.905,2,-1.0,1,3.0
session,ASIAN,101,66.7947,60.4602,1.1048,0.0627,6.3345,0.3069,51,50,60,0.0111,22,0.26,19,-0.0027
session,LONDON,95,67.1848,59.0917,1.137,0.0852,8.0931,0.2947,48,47,61,0.2139,19,-0.3684,15,0.1363
session,NEWYORK,134,106.2009,73.0201,1.4544,0.2476,33.1807,0.3731,62,72,82,0.0741,26,0.5446,26,0.4978
day_of_week,Friday,78,62.2507,45.8209,1.3586,0.2106,16.4298,0.3462,39,39,46,0.2449,17,0.5312,15,-0.2577
day_of_week,Monday,52,35.9,31.2504,1.1488,0.0894,4.6497,0.3269,27,25,36,0.1565,7,0.7097,9,-0.6615
day_of_week,Thursday,72,60.3216,32.9789,1.8291,0.3798,27.3427,0.3889,35,37,42,0.1374,12,0.635,18,0.7751
day_of_week,Tuesday,61,37.27,36.9812,1.0078,0.0047,0.2888,0.3115,29,32,37,-0.0971,15,0.1713,9,0.1456
day_of_week,Wednesday,67,44.4381,45.5406,0.9758,-0.0165,-1.1026,0.2687,31,36,42,0.0169,16,-0.7067,9,1.0549
month,2025-03,26,25.4381,12.51,2.0334,0.4972,12.928,0.4615,14,12,26,0.4972,0,,0,
month,2025-04,18,9.0,9.2901,0.9688,-0.0161,-0.2901,0.2222,9,9,18,-0.0161,0,,0,
month,2025-05,20,13.0,12.2301,1.063,0.0385,0.7699,0.25,10,10,20,0.0385,0,,0,
month,2025-06,16,14.5297,6.3745,2.2793,0.5097,8.1552,0.4375,8,8,16,0.5097,0,,0,
month,2025-07,31,20.9247,20.1699,1.0374,0.0243,0.7548,0.2903,17,14,31,0.0243,0,,0,
month,2025-08,21,17.7304,12.1511,1.4592,0.2657,5.5793,0.381,10,11,21,0.2657,0,,0,
month,2025-09,7,10.0,2.4143,4.142,1.0837,7.5857,0.5714,4,3,7,1.0837,0,,0,
month,2025-10,12,8.5785,6.2695,1.3683,0.1924,2.309,0.3333,7,5,12,0.1924,0,,0,
month,2025-11,23,7.105,17.5882,0.404,-0.4558,-10.4833,0.1739,12,11,23,-0.4558,0,,0,
month,2025-12,30,13.2164,21.7341,0.6081,-0.2839,-8.5177,0.2,13,17,29,-0.2592,1,-1.0,0,
month,2026-01,9,11.0,4.5566,2.4141,0.7159,6.4434,0.4444,4,5,0,,9,0.7159,0,
month,2026-02,21,17.3411,12.0292,1.4416,0.2529,5.3119,0.381,7,14,0,,21,0.2529,0,
month,2026-03,19,15.0307,13.0,1.1562,0.1069,2.0307,0.3158,4,15,0,,19,0.1069,0,
month,2026-04,18,11.1255,12.032,0.9247,-0.0504,-0.9065,0.2778,11,7,0,,17,0.0055,1,-1.0
month,2026-05,27,25.3574,14.4724,1.7521,0.4031,10.885,0.4074,13,14,0,,0,,27,0.4031
month,2026-06,17,6.2846,10.2203,0.6149,-0.2315,-3.9356,0.2353,8,9,0,,0,,17,-0.2315
month,2026-07,15,14.5183,5.5298,2.6255,0.5992,8.9884,0.5333,10,5,0,,0,,15,0.5992
regime_direction,BEARISH,158,108.5452,96.0356,1.1303,0.0792,12.5096,0.3228,58,100,89,-0.1167,37,0.4046,32,0.2478
regime_direction,BULLISH,172,131.6352,96.5364,1.3636,0.2041,35.0988,0.3372,103,69,114,0.2647,30,-0.0697,28,0.2503
trend_strength,NORMAL,73,54.2495,44.0193,1.2324,0.1401,10.2301,0.3151,35,38,43,-0.0276,14,0.4066,16,0.3578
trend_strength,STRONG,13,6.0354,7.2414,0.8335,-0.0928,-1.206,0.2308,7,6,10,0.0759,0,,3,-0.6549
trend_strength,WEAK,244,179.8955,141.3114,1.273,0.1581,38.5841,0.3402,119,125,150,0.1348,53,0.1356,41,0.2726
volatility_state,CONTRACTING,50,29.0787,32.0853,0.9063,-0.0601,-3.0066,0.28,26,24,25,0.1562,15,-0.6686,10,0.3118
volatility_state,EXPANDING,152,109.84,88.1584,1.2459,0.1426,21.6816,0.3224,73,79,98,0.0314,26,0.4398,28,0.2561
volatility_state,NORMAL,128,101.2617,72.3284,1.4,0.226,28.9333,0.3594,62,66,80,0.1601,26,0.4413,22,0.2114
alignment_state,FULLY_ALIGNED,97,56.2941,62.3678,0.9026,-0.0626,-6.0738,0.2784,40,57,60,-0.0837,27,-0.2439,10,0.5534
alignment_state,OPPOSED,162,136.7817,86.4537,1.5821,0.3107,50.328,0.3765,90,72,96,0.2707,32,0.7333,34,0.0257
alignment_state,PARTIALLY_ALIGNED,71,47.1046,43.7505,1.0767,0.0472,3.3541,0.2958,31,40,47,-0.025,8,-0.5,16,0.5332
market_phase,BREAKOUT,41,17.875,27.4497,0.6512,-0.2335,-9.5747,0.2195,22,19,31,-0.3982,5,-0.2,5,0.7537
market_phase,COMPRESSION,23,22.5475,9.9431,2.2677,0.548,12.6044,0.4783,13,10,10,0.8898,3,-1.0,10,0.6706
market_phase,PULLBACK,57,47.2826,32.0051,1.4773,0.268,15.2775,0.3333,34,23,33,0.3741,11,0.4573,13,-0.1613
market_phase,TREND_CONTINUATION,54,26.4191,36.8977,0.716,-0.194,-10.4786,0.2407,16,38,33,-0.1587,15,-0.2371,6,-0.281
market_phase,UNCLASSIFIED,155,126.0562,86.2765,1.4611,0.2566,39.7797,0.3677,76,79,96,0.168,33,0.4668,26,0.3172
stop_distance_decile,1,33,35.0,18.0,1.9444,0.5152,17.0,0.4545,18,15,27,0.4815,2,-1.0,4,1.5
stop_distance_decile,10,33,22.9858,15.1052,1.5217,0.2388,7.8806,0.3939,17,16,8,-0.047,16,0.7426,9,-0.4027
stop_distance_decile,2,33,27.0,19.1015,1.4135,0.2393,7.8985,0.3939,16,17,28,0.2464,3,-1.0,2,2.0
stop_distance_decile,3,33,28.0433,19.3252,1.4511,0.2642,8.7181,0.3939,17,16,24,0.4031,4,-0.25,5,0.0087
stop_distance_decile,4,33,17.655,24.4472,0.7222,-0.2058,-6.7921,0.2424,18,15,19,-0.3575,6,-0.0,8,-0.0
stop_distance_decile,5,33,26.4828,20.204,1.3108,0.1903,6.2788,0.3636,10,23,19,0.2524,5,-1.0,9,0.7203
stop_distance_decile,6,33,11.4381,23.1402,0.4943,-0.3546,-11.7022,0.1818,19,14,26,-0.3408,2,-1.0,5,-0.1683
stop_distance_decile,7,33,16.5297,22.1446,0.7464,-0.1701,-5.6149,0.2121,21,12,19,-0.1498,7,-0.1429,7,-0.2527
stop_distance_decile,8,33,22.0148,14.9643,1.4712,0.2137,7.0506,0.303,13,20,19,0.1368,9,0.3298,5,0.2965
stop_distance_decile,9,33,33.0307,16.1398,2.0465,0.5118,16.8909,0.3636,12,21,14,0.1212,13,0.9254,6,0.5273
cost_to_risk_decile_SUBSTITUTE_FOR_SPREAD_RISK,1,33,11.8291,17.5362,0.6746,-0.1729,-5.7071,0.2121,14,19,11,-0.4455,18,0.0229,4,-0.3048
cost_to_risk_decile_SUBSTITUTE_FOR_SPREAD_RISK,10,33,45.573,14.2119,3.2067,0.9503,31.3611,0.5455,18,15,21,1.3784,6,1.0,6,-0.5976
cost_to_risk_decile_SUBSTITUTE_FOR_SPREAD_RISK,2,33,17.2164,19.4614,0.8846,-0.068,-2.2449,0.2121,19,14,21,-0.2608,7,0.4286,5,0.0462
cost_to_risk_decile_SUBSTITUTE_FOR_SPREAD_RISK,3,33,11.4381,23.9822,0.4769,-0.3801,-12.5441,0.1818,20,13,24,-0.4235,5,-0.4,4,-0.0951
cost_to_risk_decile_SUBSTITUTE_FOR_SPREAD_RISK,4,33,21.4828,20.8093,1.0324,0.0204,0.6736,0.303,10,23,18,-0.0193,5,-1.0,10,0.6021
cost_to_risk_decile_SUBSTITUTE_FOR_SPREAD_RISK,5,33,19.9692,21.8314,0.9147,-0.0564,-1.8622,0.303,18,15,18,-0.1209,7,0.4286,8,-0.3357
cost_to_risk_decile_SUBSTITUTE_FOR_SPREAD_RISK,6,33,24.0354,20.3639,1.1803,0.1113,3.6715,0.3333,16,17,21,0.1274,5,-0.2,7,0.2852
cost_to_risk_decile_SUBSTITUTE_FOR_SPREAD_RISK,7,33,25.1255,19.6212,1.2805,0.1668,5.5043,0.3636,15,18,24,-0.1926,7,0.8751,2,2.0
cost_to_risk_decile_SUBSTITUTE_FOR_SPREAD_RISK,8,33,32.105,18.0,1.7836,0.4274,14.105,0.4545,17,16,26,0.4271,1,-1.0,6,0.6667
cost_to_risk_decile_SUBSTITUTE_FOR_SPREAD_RISK,9,33,31.4058,16.7546,1.8745,0.444,14.6513,0.3939,14,19,19,0.2501,6,0.5569,8,0.8199
holding_time_decile,1,33,10.0,25.4631,0.3927,-0.4686,-15.4631,0.1212,11,22,23,-0.2645,6,-1.0,4,-0.8451
holding_time_decile,10,33,35.6363,15.6048,2.2837,0.607,20.0315,0.4545,14,19,12,0.514,11,1.8606,10,-0.6603
holding_time_decile,2,33,17.0,23.8604,0.7125,-0.2079,-6.8604,0.2424,16,17,21,0.041,9,-0.969,3,0.3333
holding_time_decile,3,33,19.9247,19.4723,1.0232,0.0137,0.4523,0.303,22,11,22,-0.2342,1,3.0,10,0.2604
holding_time_decile,4,33,13.0,25.2695,0.5145,-0.3718,-12.2695,0.1818,16,17,27,-0.4544,5,0.2,1,-1.0
holding_time_decile,5,33,25.4828,17.2373,1.4784,0.2499,8.2456,0.3939,16,17,16,0.4611,8,-0.25,9,0.3187
holding_time_decile,6,33,30.7984,17.7826,1.7319,0.3944,13.0158,0.4242,15,18,23,0.4102,4,-0.0,6,0.597
holding_time_decile,7,33,29.4381,17.7805,1.6556,0.3533,11.6576,0.3939,17,16,21,0.2851,6,0.6154,6,0.3298
holding_time_decile,8,33,23.7737,17.8506,1.3318,0.1795,5.9231,0.303,19,14,17,0.1422,9,-0.448,7,1.0768
holding_time_decile,9,33,35.1264,12.251,2.8672,0.6932,22.8754,0.4848,15,18,21,0.5263,8,0.6843,4,1.5874
exit_reason,BROKER_SL_TP_OR_TEST_END,263,231.0,170.0,1.3588,0.2319,61.0,0.3536,125,138,160,0.1937,60,0.2167,43,0.3953
exit_reason,OWN_FAMILY_OPPOSITE,67,9.1804,22.5721,0.4067,-0.1999,-13.3917,0.2388,36,31,43,-0.2607,7,-0.0172,17,-0.1213
simultaneous_exposure,CONCURRENT,75,65.4828,41.7285,1.5693,0.3167,23.7543,0.4133,38,37,47,0.3333,12,0.0833,16,0.443
simultaneous_exposure,SOLO,255,174.6976,150.8435,1.1581,0.0935,23.854,0.3059,123,132,156,0.0264,55,0.216,44,0.1784
