cluster_id;strategy_id;symbol;timeframe;direction;signal_time;fill_time;close_time;entry;stop;target;exit;exit_reason;r_result;mfe_r;mae_r;bars_held;session
MSZZC1|6:XAUUSD|1:5|2:-1|1:1|67:BO|XAUUSD|5|0|S|1741179000|MSZZ|XAUUSD|5|0|-1|1741177200|1741177200;1010;XAUUSD;PERIOD_M5;SHORT;2025.03.05 12:50:00;2025.03.05 12:55:00;2025.03.05 12:59:58;2914.39000000;2915.73000000;2911.71000000;2911.71000000;TP;2.0000;4.0000;-0.0746;0;London
MSZZC1|6:XAUUSD|1:5|2:-1|1:1|67:BO|XAUUSD|5|0|S|1741189500|MSZZ|XAUUSD|5|0|-1|1741189200|1741189200;1010;XAUUSD;PERIOD_M5;SHORT;2025.03.05 15:45:00;2025.03.05 15:50:00;2025.03.05 16:44:57;2896.23000000;2917.24000000;2854.21000000;2917.24000000;SL;-1.0000;0.1076;-0.9990;10;London
MSZZC1|6:XAUUSD|1:5|1:1|1:1|66:BO|XAUUSD|5|0|L|1741194300|MSZZ|XAUUSD|5|0|1|1741192500|1741192500;1010;XAUUSD;PERIOD_M5;LONG;2025.03.05 17:05:00;2025.03.05 17:10:00;2025.03.05 19:05:00;2918.04000000;2906.58000000;2940.96000000;2922.85000000;OTHER;0.4197;1.0497;-0.3368;23;NewYork
MSZZC1|6:XAUUSD|1:5|2:-1|1:1|67:BO|XAUUSD|5|0|S|1741201200|MSZZ|XAUUSD|5|0|-1|1741200900|1741200900;1010;XAUUSD;PERIOD_M5;SHORT;2025.03.05 19:00:00;2025.03.05 19:05:00;2025.03.06 10:04:58;2922.85000000;2930.07000000;2908.41000000;2908.41000000;TP;2.0000;2.2701;-0.5097;179;NewYork
MSZZC1|6:XAUUSD|1:5|1:1|1:1|66:BO|XAUUSD|5|0|L|1741277100|MSZZ|XAUUSD|5|0|1|1741276800|1741276800;1010;XAUUSD;PERIOD_M5;LONG;2025.03.06 16:05:00;2025.03.06 16:10:00;2025.03.07 05:50:00;2909.78000000;2852.58000000;3024.18000000;2904.54000000;OTHER;-0.0916;0.2267;-0.2614;164;NewYork
MSZZC1|6:XAUUSD|1:5|2:-1|1:1|67:BO|XAUUSD|5|0|S|1741326300|MSZZ|XAUUSD|5|0|-1|1741324800|1741325700;1010;XAUUSD;PERIOD_M5;SHORT;2025.03.07 05:45:00;2025.03.07 05:50:00;2025.03.07 07:10:00;2904.54000000;2909.27000000;2895.08000000;2908.93000000;OTHER;-0.9281;0.1121;-1.0994;16;Asian
MSZZC1|6:XAUUSD|1:5|1:1|1:1|66:BO|XAUUSD|5|0|L|1741331100|MSZZ|XAUUSD|5|0|1|1741327500|1741327500;1010;XAUUSD;PERIOD_M5;LONG;2025.03.07 07:05:00;2025.03.07 07:10:00;2025.03.18 11:24:58;2908.93000000;2852.58000000;3021.63000000;3021.63000000;TP;2.0000;2.0211;-0.5097;3218;Asian
MSZZC1|6:XAUUSD|1:5|2:-1|1:1|67:BO|XAUUSD|5|0|S|1742885100|MSZZ|XAUUSD|5|0|-1|1742855400|1742856000;1010;XAUUSD;PERIOD_M5;SHORT;2025.03.25 06:45:00;2025.03.25 06:50:00;2025.03.25 16:39:58;3015.23000000;3028.28000000;2989.13000000;3028.28000000;SL;-1.0000;0.3632;-1.0644;117;Asian
MSZZC1|6:XAUUSD|1:5|2:-1|1:1|67:BO|XAUUSD|5|0|S|1742935500|MSZZ|XAUUSD|5|0|-1|1742932800|1742933100;1010;XAUUSD;PERIOD_M5;SHORT;2025.03.25 20:45:00;2025.03.25 20:50:00;2025.03.27 13:25:00;3021.22000000;3051.50000000;2960.66000000;3050.92000000;OTHER;-0.9808;0.2903;-1.0601;487;NewYork
MSZZC1|6:XAUUSD|1:5|1:1|1:1|66:BO|XAUUSD|5|0|L|1743081600|MSZZ|XAUUSD|5|0|1|1743081300|1743081300;1010;XAUUSD;PERIOD_M5;LONG;2025.03.27 13:20:00;2025.03.27 13:25:00;2025.03.27 16:14:58;3050.92000000;3045.75000000;3061.26000000;3045.75000000;SL;-1.0000;0.9749;-1.1567;33;London
MSZZC1|6:XAUUSD|1:5|2:-1|1:1|67:BO|XAUUSD|5|0|S|1743091800|MSZZ|XAUUSD|5|0|-1|1743091200|1743091200;1010;XAUUSD;PERIOD_M5;SHORT;2025.03.27 16:10:00;2025.03.27 16:15:00;2025.03.27 16:39:58;3046.09000000;3050.81000000;3036.65000000;3036.65000000;TP;2.0000;2.3665;-0.1144;4;NewYork
MSZZC1|6:XAUUSD|1:5|2:-1|1:1|67:BO|XAUUSD|5|0|S|1743095100|MSZZ|XAUUSD|5|0|-1|1743091800|1743091800;1010;XAUUSD;PERIOD_M5;SHORT;2025.03.27 17:05:00;2025.03.27 17:10:00;2025.03.27 17:24:58;3043.12000000;3050.81000000;3027.74000000;3050.81000000;SL;-1.0000;0.0949;-1.0013;2;NewYork
MSZZC1|6:XAUUSD|1:5|1:1|1:1|66:BO|XAUUSD|5|0|L|1743096600|MSZZ|XAUUSD|5|0|1|1743081300|1743081300;1010;XAUUSD;PERIOD_M5;LONG;2025.03.27 17:30:00;2025.03.27 17:35:00;2025.03.31 01:04:58;3051.43000000;3033.44000000;3087.41000000;3087.41000000;TP;2.0000;2.3457;-0.2046;953;NewYork
MSZZC1|6:XAUUSD|1:5|1:1|1:1|66:BO|XAUUSD|5|0|L|1743770700|MSZZ|XAUUSD|5|0|1|1743768000|1743768000;1010;XAUUSD;PERIOD_M5;LONG;2025.04.04 12:45:00;2025.04.04 12:50:00;2025.04.04 15:55:00;3091.29000000;3054.02000000;3165.83000000;3070.38000000;OTHER;-0.5610;1.2133;-0.5967;37;London
MSZZC1|6:XAUUSD|1:5|2:-1|1:1|67:BO|XAUUSD|5|0|S|1743781800|MSZZ|XAUUSD|5|0|-1|1743780900|1743780900;1010;XAUUSD;PERIOD_M5;SHORT;2025.04.04 15:50:00;2025.04.04 15:55:00;2025.04.04 16:19:58;3070.38000000;3085.26000000;3040.62000000;3085.26000000;SL;-1.0000;0.0894;-1.1478;4;London
MSZZC1|6:XAUUSD|1:5|2:-1|1:1|67:BO|XAUUSD|5|0|S|1743783900|MSZZ|XAUUSD|5|0|-1|1743780900|1743780900;1010;XAUUSD;PERIOD_M5;SHORT;2025.04.04 16:25:00;2025.04.04 16:30:00;2025.04.04 17:04:57;3075.80000000;3085.26000000;3056.88000000;3056.88000000;TP;2.0000;2.4249;-0.4884;6;NewYork
MSZZC1|6:XAUUSD|1:5|2:-1|1:1|67:BO|XAUUSD|5|0|S|1744008300|MSZZ|XAUUSD|5|0|-1|1743780900|1743780900;1010;XAUUSD;PERIOD_M5;SHORT;2025.04.07 06:45:00;2025.04.07 06:50:00;2025.04.09 14:19:58;3019.54000000;3055.68000000;2947.26000000;3055.68000000;SL;-1.0000;1.7532;-1.0553;665;Asian
MSZZC1|6:XAUUSD|1:5|1:1|1:1|66:BO|XAUUSD|5|0|L|1744262400|MSZZ|XAUUSD|5|0|1|1744261800|1744261800;1010;XAUUSD;PERIOD_M5;LONG;2025.04.10 05:20:00;2025.04.10 05:25:00;2025.04.10 17:39:58;3114.01000000;3095.40000000;3151.23000000;3151.23000000;TP;2.0000;2.0768;-0.5846;146;Asian
MSZZC1|6:XAUUSD|1:5|1:1|1:1|66:BO|XAUUSD|5|0|L|1744407000|MSZZ|XAUUSD|5|0|1|1744304400|1744304400;1010;XAUUSD;PERIOD_M5;LONG;2025.04.11 21:30:00;2025.04.11 21:35:00;2025.04.21 15:49:58;3237.03000000;3151.54000000;3408.01000000;3408.01000000;TP;2.0000;2.0296;-0.5082;2810;NewYork
MSZZC1|6:XAUUSD|1:5|1:1|1:1|66:BO|XAUUSD|5|0|L|1745350800|MSZZ|XAUUSD|5|0|1|1744742100|1744742400;1010;XAUUSD;PERIOD_M5;LONG;2025.04.22 19:40:00;2025.04.22 19:45:00;2025.04.24 06:35:00;3383.75000000;3216.90000000;3717.45000000;3323.12000000;OTHER;-0.3634;0.1591;-0.7417;418;NewYork
MSZZC1|6:XAUUSD|1:5|2:-1|1:1|67:BO|XAUUSD|5|0|S|1745476200|MSZZ|XAUUSD|5|0|-1|1744759200|1744759500;1010;XAUUSD;PERIOD_M5;SHORT;2025.04.24 06:30:00;2025.04.24 06:35:00;2025.04.24 18:10:00;3323.12000000;3358.49000000;3252.38000000;3325.35000000;OTHER;-0.0630;0.4614;-0.6081;139;Asian
MSZZC1|6:XAUUSD|1:5|1:1|1:1|66:BO|XAUUSD|5|0|L|1745517900|MSZZ|XAUUSD|5|0|1|1745502900|1745502900;1010;XAUUSD;PERIOD_M5;LONG;2025.04.24 18:05:00;2025.04.24 18:10:00;2025.04.24 18:19:58;3325.35000000;3322.21000000;3331.63000000;3322.21000000;SL;-1.0000;0.7643;-1.8535;1;NewYork
MSZZC1|6:XAUUSD|1:5|2:-1|1:1|67:BO|XAUUSD|5|0|S|1745518500|MSZZ|XAUUSD|5|0|-1|1745511600|1745511600;1010;XAUUSD;PERIOD_M5;SHORT;2025.04.24 18:15:00;2025.04.24 18:20:00;2025.04.24 18:30:00;3320.89000000;3344.63000000;3273.41000000;3324.19000000;OTHER;-0.1390;0.0560;-0.3669;2;NewYork
MSZZC1|6:XAUUSD|1:5|1:1|1:1|66:BO|XAUUSD|5|0|L|1745519100|MSZZ|XAUUSD|5|0|1|1745502900|1745502900;1010;XAUUSD;PERIOD_M5;LONG;2025.04.24 18:25:00;2025.04.24 18:30:00;2025.04.24 18:34:58;3324.19000000;3322.21000000;3328.15000000;3328.15000000;TP;2.0000;2.7323;-0.1263;0;NewYork
MSZZC1|6:XAUUSD|1:5|1:1|1:1|66:BO|XAUUSD|5|0|L|1745534100|MSZZ|XAUUSD|5|0|1|1745525700|1745525700;1010;XAUUSD;PERIOD_M5;LONG;2025.04.24 22:35:00;2025.04.24 22:40:00;2025.04.25 01:04:57;3340.76000000;3333.46000000;3355.36000000;3355.36000000;TP;2.0000;2.6740;-0.3712;28;NewYork
MSZZC1|6:XAUUSD|1:5|1:1|1:1|66:BO|XAUUSD|5|0|L|1745546700|MSZZ|XAUUSD|5|0|1|1745542800|1745542800;1010;XAUUSD;PERIOD_M5;LONG;2025.04.25 02:05:00;2025.04.25 02:10:00;2025.04.25 04:55:00;3362.45000000;3333.46000000;3420.43000000;3344.22000000;OTHER;-0.6288;0.0238;-0.6699;33;Asian
MSZZC1|6:XAUUSD|1:5|2:-1|1:1|67:BO|XAUUSD|5|0|S|1745556600|MSZZ|XAUUSD|5|0|-1|1745554800|1745554800;1010;XAUUSD;PERIOD_M5;SHORT;2025.04.25 04:50:00;2025.04.25 04:55:00;2025.04.25 04:59:57;3344.22000000;3347.01000000;3338.64000000;3347.01000000;SL;-1.0000;0.4265;-0.9892;0;Asian
MSZZC1|6:XAUUSD|1:5|2:-1|1:1|67:BO|XAUUSD|5|0|S|1745563500|MSZZ|XAUUSD|5|0|-1|1745554800|1745554800;1010;XAUUSD;PERIOD_M5;SHORT;2025.04.25 06:45:00;2025.04.25 06:50:00;2025.04.25 07:04:58;3338.36000000;3347.01000000;3321.06000000;3321.06000000;TP;2.0000;2.0474;-0.0185;2;Asian
MSZZC1|6:XAUUSD|1:5|2:-1|1:1|67:BO|XAUUSD|5|0|S|1745616900|MSZZ|XAUUSD|5|0|-1|1745554800|1745554800;1010;XAUUSD;PERIOD_M5;SHORT;2025.04.25 21:35:00;2025.04.25 21:40:00;2025.04.28 21:29:58;3291.29000000;3347.01000000;3179.85000000;3347.01000000;SL;-1.0000;0.4144;-1.0513;861;NewYork
MSZZC1|6:XAUUSD|1:5|2:-1|1:1|67:BO|XAUUSD|5|0|S|1746069600|MSZZ|XAUUSD|5|0|-1|1746067200|1746067200;1010;XAUUSD;PERIOD_M5;SHORT;2025.05.01 03:20:00;2025.05.01 03:25:00;2025.05.05 13:04:57;3261.31000000;3313.67000000;3156.59000000;3313.67000000;SL;-1.0000;1.1335;-1.0296;1267;Asian
MSZZC1|6:XAUUSD|1:5|2:-1|1:1|67:BO|XAUUSD|5|0|S|1746501600|MSZZ|XAUUSD|5|0|-1|1746501300|1746501300;1010;XAUUSD;PERIOD_M5;SHORT;2025.05.06 03:20:00;2025.05.06 03:25:00;2025.05.06 04:04:57;3326.26000000;3334.95000000;3308.88000000;3334.95000000;SL;-1.0000;0.3556;-2.7652;7;Asian
MSZZC1|6:XAUUSD|1:5|2:-1|1:1|67:BO|XAUUSD|5|0|S|1747045200|MSZZ|XAUUSD|5|0|-1|1747044300|1747044300;1010;XAUUSD;PERIOD_M5;SHORT;2025.05.12 10:20:00;2025.05.12 10:25:00;2025.05.13 07:54:58;3236.72000000;3253.36000000;3203.44000000;3253.36000000;SL;-1.0000;1.7398;-1.0084;257;London
MSZZC1|6:XAUUSD|1:5|2:-1|1:1|67:BO|XAUUSD|5|0|S|1747156200|MSZZ|XAUUSD|5|0|-1|1746691800|1746691800;1010;XAUUSD;PERIOD_M5;SHORT;2025.05.13 17:10:00;2025.05.13 17:15:00;2025.05.20 17:05:00;3232.30000000;3397.59000000;2901.72000000;3271.08000000;OTHER;-0.2346;0.6754;-0.2839;2014;NewYork
MSZZC1|6:XAUUSD|1:5|1:1|1:1|66:BO|XAUUSD|5|0|L|1747760400|MSZZ|XAUUSD|5|0|1|1747760100|1747760100;1010;XAUUSD;PERIOD_M5;LONG;2025.05.20 17:00:00;2025.05.20 17:05:00;2025.05.21 04:04:57;3271.08000000;3252.13000000;3308.98000000;3308.98000000;TP;2.0000;2.3034;-0.0380;131;NewYork
MSZZC1|6:XAUUSD|1:5|1:1|1:1|66:BO|XAUUSD|5|0|L|1748381400|MSZZ|XAUUSD|5|0|1|1747740600|1747740600;1010;XAUUSD;PERIOD_M5;LONG;2025.05.27 21:30:00;2025.05.27 21:35:00;2025.05.28 06:25:00;3302.61000000;3218.31000000;3471.21000000;3296.02000000;OTHER;-0.0782;0.1561;-0.1295;106;NewYork
MSZZC1|6:XAUUSD|1:5|2:-1|1:1|67:BO|XAUUSD|5|0|S|1748413200|MSZZ|XAUUSD|5|0|-1|1748412900|1748412900;1010;XAUUSD;PERIOD_M5;SHORT;2025.05.28 06:20:00;2025.05.28 06:25:00;2025.05.29 19:05:00;3296.02000000;3336.84000000;3214.38000000;3326.39000000;OTHER;-0.7440;1.2381;-0.7945;440;Asian
MSZZC1|6:XAUUSD|1:5|1:1|1:1|66:BO|XAUUSD|5|0|L|1748545200|MSZZ|XAUUSD|5|0|1|1748275200|1748275200;1010;XAUUSD;PERIOD_M5;LONG;2025.05.29 19:00:00;2025.05.29 19:05:00;2025.05.29 22:44:58;3326.39000000;3316.09000000;3346.99000000;3316.09000000;SL;-1.0000;0.4709;-1.0534;43;NewYork
MSZZC1|6:XAUUSD|1:5|1:1|1:1|66:BO|XAUUSD|5|0|L|1748578500|MSZZ|XAUUSD|5|0|1|1748540700|1748540700;1010;XAUUSD;PERIOD_M5;LONG;2025.05.30 04:15:00;2025.05.30 04:20:00;2025.05.30 04:49:58;3320.02000000;3309.59000000;3340.88000000;3309.59000000;SL;-1.0000;0.2598;-1.0000;5;Asian
MSZZC1|6:XAUUSD|1:5|2:-1|1:1|67:BO|XAUUSD|5|0|S|1748584200|MSZZ|XAUUSD|5|0|-1|1748583900|1748583900;1010;XAUUSD;PERIOD_M5;SHORT;2025.05.30 05:50:00;2025.05.30 05:55:00;2025.05.30 12:15:00;3296.38000000;3317.43000000;3254.28000000;3298.17000000;OTHER;-0.0850;0.4266;-0.4109;76;Asian
MSZZC1|6:XAUUSD|1:5|1:1|1:1|66:BO|XAUUSD|5|0|L|1748607000|MSZZ|XAUUSD|5|0|1|1748597700|1748597700;1010;XAUUSD;PERIOD_M5;LONG;2025.05.30 12:10:00;2025.05.30 12:15:00;2025.05.30 15:14:57;3298.17000000;3287.40000000;3319.71000000;3287.40000000;SL;-1.0000;0.8022;-1.4243;35;London
MSZZC1|6:XAUUSD|1:5|2:-1|1:1|67:BO|XAUUSD|5|0|S|1748624100|MSZZ|XAUUSD|5|0|-1|1748623800|1748623800;1010;XAUUSD;PERIOD_M5;SHORT;2025.05.30 16:55:00;2025.05.30 17:00:00;2025.05.30 18:20:00;3276.71000000;3296.14000000;3237.85000000;3285.65000000;OTHER;-0.4601;0.2687;-0.6186;16;NewYork
MSZZC1|6:XAUUSD|1:5|1:1|1:1|66:BO|XAUUSD|5|0|L|1748628900|MSZZ|XAUUSD|5|0|1|1748274000|1748274000;1010;XAUUSD;PERIOD_M5;LONG;2025.05.30 18:15:00;2025.05.30 18:20:00;2025.06.02 01:54:58;3285.65000000;3273.42000000;3310.11000000;3310.11000000;TP;2.0000;2.0957;-0.1594;666;NewYork
MSZZC1|6:XAUUSD|1:5|1:1|1:1|66:BO|XAUUSD|5|0|L|1748864100|MSZZ|XAUUSD|5|0|1|1748859000|1748859000;1010;XAUUSD;PERIOD_M5;LONG;2025.06.02 11:35:00;2025.06.02 11:40:00;2025.06.24 08:25:00;3354.33000000;3291.65000000;3479.69000000;3340.50000000;OTHER;-0.2206;1.5728;-0.9692;6297;London
MSZZC1|6:XAUUSD|1:5|2:-1|1:1|67:BO|XAUUSD|5|0|S|1750753200|MSZZ|XAUUSD|5|0|-1|1750714200|1750714200;1010;XAUUSD;PERIOD_M5;SHORT;2025.06.24 08:20:00;2025.06.24 08:25:00;2025.06.27 16:29:58;3340.50000000;3382.08000000;3257.34000000;3257.34000000;TP;2.0000;2.0250;-0.2374;960;London
MSZZC1|6:XAUUSD|1:5|2:-1|1:1|67:BO|XAUUSD|5|0|S|1751325900|MSZZ|XAUUSD|5|0|-1|1750726800|1750726800;1010;XAUUSD;PERIOD_M5;SHORT;2025.06.30 23:25:00;2025.06.30 23:30:00;2025.07.04 04:20:00;3306.82000000;3382.08000000;3156.30000000;3332.61000000;OTHER;-0.3427;0.0595;-0.7830;922;NewYork
MSZZC1|6:XAUUSD|1:5|1:1|1:1|66:BO|XAUUSD|5|0|L|1751602500|MSZZ|XAUUSD|5|0|1|1751558700|1751559000;1010;XAUUSD;PERIOD_M5;LONG;2025.07.04 04:15:00;2025.07.04 04:20:00;2025.07.07 03:04:58;3332.61000000;3325.87000000;3346.09000000;3325.87000000;SL;-1.0000;1.8531;-1.0059;848;Asian
MSZZC1|6:XAUUSD|1:5|2:-1|1:1|67:BO|XAUUSD|5|0|S|1751975700|MSZZ|XAUUSD|5|0|-1|1751975100|1751975100;1010;XAUUSD;PERIOD_M5;SHORT;2025.07.08 11:55:00;2025.07.08 12:00:00;2025.07.08 12:29:57;3323.68000000;3326.41000000;3318.22000000;3326.41000000;SL;-1.0000;0.2821;-1.1319;5;London
MSZZC1|6:XAUUSD|1:5|1:1|1:1|66:BO|XAUUSD|5|0|L|1751981100|MSZZ|XAUUSD|5|0|1|1751902500|1751902500;1010;XAUUSD;PERIOD_M5;LONG;2025.07.08 13:25:00;2025.07.08 13:30:00;2025.07.08 16:15:00;3323.45000000;3305.92000000;3358.51000000;3322.37000000;OTHER;-0.0616;0.3662;-0.2504;33;London
MSZZC1|6:XAUUSD|1:5|2:-1|1:1|67:BO|XAUUSD|5|0|S|1751991000|MSZZ|XAUUSD|5|0|-1|1751990700|1751990700;1010;XAUUSD;PERIOD_M5;SHORT;2025.07.08 16:10:00;2025.07.08 16:15:00;2025.07.08 17:14:58;3322.37000000;3329.87000000;3307.37000000;3307.37000000;TP;2.0000;2.2827;-0.5973;11;NewYork
MSZZC1|6:XAUUSD|1:5|2:-1|1:1|67:BO|XAUUSD|5|0|S|1752006600|MSZZ|XAUUSD|5|0|-1|1751994300|1751994300;1010;XAUUSD;PERIOD_M5;SHORT;2025.07.08 20:30:00;2025.07.08 20:35:00;2025.07.10 09:24:57;3307.13000000;3326.85000000;3267.69000000;3326.85000000;SL;-1.0000;1.2378;-1.0791;441;NewYork
MSZZC1|6:XAUUSD|1:5|1:1|1:1|66:BO|XAUUSD|5|0|L|1752212400|MSZZ|XAUUSD|5|0|1|1752211500|1752211500;1010;XAUUSD;PERIOD_M5;LONG;2025.07.11 05:40:00;2025.07.11 05:45:00;2025.07.11 15:34:57;3333.81000000;3325.27000000;3350.89000000;3350.89000000;TP;2.0000;2.0632;-0.5000;117;Asian
MSZZC1|6:XAUUSD|1:5|2:-1|1:1|67:BO|XAUUSD|5|0|S|1752603600|MSZZ|XAUUSD|5|0|-1|1752603300|1752603300;1010;XAUUSD;PERIOD_M5;SHORT;2025.07.15 18:20:00;2025.07.15 18:25:00;2025.07.16 18:19:58;3340.48000000;3369.09000000;3283.26000000;3369.09000000;SL;-1.0000;0.7295;-1.0388;286;NewYork
MSZZC1|6:XAUUSD|1:5|2:-1|1:1|67:BO|XAUUSD|5|0|S|1752745200|MSZZ|XAUUSD|5|0|-1|1752683700|1752683700;1010;XAUUSD;PERIOD_M5;SHORT;2025.07.17 09:40:00;2025.07.17 09:45:00;2025.07.21 08:20:00;3329.12000000;3370.20000000;3246.96000000;3363.91000000;OTHER;-0.8469;0.4688;-0.8851;1135;London
MSZZC1|6:XAUUSD|1:5|1:1|1:1|66:BO|XAUUSD|5|0|L|1753085700|MSZZ|XAUUSD|5|0|1|1753085400|1753085400;1010;XAUUSD;PERIOD_M5;LONG;2025.07.21 08:15:00;2025.07.21 08:20:00;2025.07.21 16:49:58;3363.91000000;3350.72000000;3390.29000000;3390.29000000;TP;2.0000;2.3745;-0.0857;101;London
MSZZC1|6:XAUUSD|1:5|2:-1|1:1|67:BO|XAUUSD|5|0|S|1754076000|MSZZ|XAUUSD|5|0|-1|1754075700|1754075700;1010;XAUUSD;PERIOD_M5;SHORT;2025.08.01 19:20:00;2025.08.01 19:25:00;2025.08.01 20:35:00;3342.09000000;3351.32000000;3323.63000000;3348.49000000;OTHER;-0.6934;0.1690;-0.7996;14;NewYork
MSZZC1|6:XAUUSD|1:5|1:1|1:1|66:BO|XAUUSD|5|0|L|1754080200|MSZZ|XAUUSD|5|0|1|1754078100|1754078100;1010;XAUUSD;PERIOD_M5;LONG;2025.08.01 20:30:00;2025.08.01 20:35:00;2025.08.04 16:54:58;3348.49000000;3331.11000000;3383.25000000;3383.25000000;TP;2.0000;2.1208;-0.1974;819;NewYork
MSZZC1|6:XAUUSD|1:5|2:-1|1:1|67:BO|XAUUSD|5|0|S|1754906400|MSZZ|XAUUSD|5|0|-1|1754484600|1754484600;1010;XAUUSD;PERIOD_M5;SHORT;2025.08.11 10:00:00;2025.08.11 10:05:00;2025.08.11 14:29:58;3362.52000000;3368.64000000;3350.28000000;3350.28000000;TP;2.0000;2.0229;-0.6389;52;London
MSZZC1|6:XAUUSD|1:5|2:-1|1:1|67:BO|XAUUSD|5|0|S|1754925000|MSZZ|XAUUSD|5|0|-1|1754921100|1754921100;1010;XAUUSD;PERIOD_M5;SHORT;2025.08.11 15:10:00;2025.08.11 15:15:00;2025.08.11 16:45:00;3353.69000000;3363.81000000;3333.45000000;3358.05000000;OTHER;-0.4308;0.9081;-0.6966;18;London
MSZZC1|6:XAUUSD|1:5|1:1|1:1|66:BO|XAUUSD|5|0|L|1754930400|MSZZ|XAUUSD|5|0|1|1754929800|1754929800;1010;XAUUSD;PERIOD_M5;LONG;2025.08.11 16:40:00;2025.08.11 16:45:00;2025.08.11 17:39:58;3358.05000000;3348.45000000;3377.25000000;3348.45000000;SL;-1.0000;0.4979;-1.4323;10;NewYork
MSZZC1|6:XAUUSD|1:5|1:1|1:1|66:BO|XAUUSD|5|0|L|1754936700|MSZZ|XAUUSD|5|0|1|1754929800|1754929800;1010;XAUUSD;PERIOD_M5;LONG;2025.08.11 18:25:00;2025.08.11 18:30:00;2025.08.11 19:10:00;3350.06000000;3341.44000000;3367.30000000;3345.83000000;OTHER;-0.4907;0.2552;-0.5452;8;NewYork
MSZZC1|6:XAUUSD|1:5|2:-1|1:1|67:BO|XAUUSD|5|0|S|1754939100|MSZZ|XAUUSD|5|0|-1|1754938800|1754938800;1010;XAUUSD;PERIOD_M5;SHORT;2025.08.11 19:05:00;2025.08.11 19:10:00;2025.08.11 20:39:58;3345.83000000;3352.26000000;3332.97000000;3352.26000000;SL;-1.0000;0.6921;-1.6485;17;NewYork
MSZZC1|6:XAUUSD|1:5|1:1|1:1|66:BO|XAUUSD|5|0|L|1754944800|MSZZ|XAUUSD|5|0|1|1754944500|1754944500;1010;XAUUSD;PERIOD_M5;LONG;2025.08.11 20:40:00;2025.08.11 20:45:00;2025.08.11 22:15:00;3358.48000000;3341.38000000;3392.68000000;3353.19000000;OTHER;-0.3094;0.0216;-0.3626;18;NewYork
MSZZC1|6:XAUUSD|1:5|2:-1|1:1|67:BO|XAUUSD|5|0|S|1754950200|MSZZ|XAUUSD|5|0|-1|1754938800|1754938800;1010;XAUUSD;PERIOD_M5;SHORT;2025.08.11 22:10:00;2025.08.11 22:15:00;2025.08.11 23:59:58;3353.19000000;3358.85000000;3341.87000000;3341.87000000;TP;2.0000;2.0530;-0.2032;20;NewYork
MSZZC1|6:XAUUSD|1:5|2:-1|1:1|67:BO|XAUUSD|5|0|S|1755034500|MSZZ|XAUUSD|5|0|-1|1755033900|1755034200;1010;XAUUSD;PERIOD_M5;SHORT;2025.08.12 21:35:00;2025.08.12 21:40:00;2025.08.13 01:04:58;3348.42000000;3350.57000000;3344.12000000;3350.57000000;SL;-1.0000;1.3070;-1.4326;40;NewYork
MSZZC1|6:XAUUSD|1:5|2:-1|1:1|67:BO|XAUUSD|5|0|S|1755120000|MSZZ|XAUUSD|5|0|-1|1755118800|1755118800;1010;XAUUSD;PERIOD_M5;SHORT;2025.08.13 21:20:00;2025.08.13 21:25:00;2025.08.13 22:55:00;3350.97000000;3360.93000000;3331.05000000;3357.93000000;OTHER;-0.6988;0.0994;-0.7841;18;NewYork
MSZZC1|6:XAUUSD|1:5|1:1|1:1|66:BO|XAUUSD|5|0|L|1755125400|MSZZ|XAUUSD|5|0|1|1755123600|1755123600;1010;XAUUSD;PERIOD_M5;LONG;2025.08.13 22:50:00;2025.08.13 22:55:00;2025.08.14 03:04:58;3357.93000000;3355.00000000;3363.79000000;3363.79000000;TP;2.0000;2.6075;-0.7816;49;NewYork
MSZZC1|6:XAUUSD|1:5|1:1|1:1|66:BO|XAUUSD|5|0|L|1755608700|MSZZ|XAUUSD|5|0|1|1755522900|1755522900;1010;XAUUSD;PERIOD_M5;LONG;2025.08.19 13:05:00;2025.08.19 13:10:00;2025.08.19 16:09:58;3341.86000000;3331.39000000;3362.80000000;3331.39000000;SL;-1.0000;0.3286;-1.0735;35;London
MSZZC1|6:XAUUSD|1:5|1:1|1:1|66:BO|XAUUSD|5|0|L|1755699600|MSZZ|XAUUSD|5|0|1|1755522900|1755522900;1010;XAUUSD;PERIOD_M5;LONG;2025.08.20 14:20:00;2025.08.20 14:25:00;2025.08.20 15:34:58;3329.71000000;3323.84000000;3341.45000000;3341.45000000;TP;2.0000;2.0562;-0.1244;13;London
MSZZC1|6:XAUUSD|1:5|2:-1|1:1|67:BO|XAUUSD|5|0|S|1755715800|MSZZ|XAUUSD|5|0|-1|1755714300|1755714900;1010;XAUUSD;PERIOD_M5;SHORT;2025.08.20 18:50:00;2025.08.20 18:55:00;2025.08.20 19:04:57;3339.11000000;3341.78000000;3333.77000000;3341.78000000;SL;-1.0000;0.0637;-1.6704;1;NewYork
MSZZC1|6:XAUUSD|1:5|1:1|1:1|66:BO|XAUUSD|5|0|L|1755716400|MSZZ|XAUUSD|5|0|1|1755715200|1755715200;1010;XAUUSD;PERIOD_M5;LONG;2025.08.20 19:00:00;2025.08.20 19:05:00;2025.08.21 19:55:00;3343.34000000;3323.84000000;3382.34000000;3339.26000000;OTHER;-0.2092;0.4477;-0.9313;298;NewYork
MSZZC1|6:XAUUSD|1:5|2:-1|1:1|67:BO|XAUUSD|5|0|S|1755805800|MSZZ|XAUUSD|5|0|-1|1755804900|1755805200;1010;XAUUSD;PERIOD_M5;SHORT;2025.08.21 19:50:00;2025.08.21 19:55:00;2025.08.21 22:20:00;3339.26000000;3346.15000000;3325.48000000;3341.25000000;OTHER;-0.2888;0.3861;-0.4020;29;NewYork
MSZZC1|6:XAUUSD|1:5|1:1|1:1|66:BO|XAUUSD|5|0|L|1755814500|MSZZ|XAUUSD|5|0|1|1755814200|1755814200;1010;XAUUSD;PERIOD_M5;LONG;2025.08.21 22:15:00;2025.08.21 22:20:00;2025.08.21 22:54:58;3341.25000000;3338.30000000;3347.15000000;3338.30000000;SL;-1.0000;0.2203;-1.0237;6;NewYork
MSZZC1|6:XAUUSD|1:5|2:-1|1:1|67:BO|XAUUSD|5|0|S|1755816600|MSZZ|XAUUSD|5|0|-1|1755816300|1755816300;1010;XAUUSD;PERIOD_M5;SHORT;2025.08.21 22:50:00;2025.08.21 22:55:00;2025.08.22 01:05:00;3338.22000000;3346.15000000;3322.36000000;3340.21000000;OTHER;-0.2509;0.0416;-0.2282;26;NewYork
MSZZC1|6:XAUUSD|1:5|1:1|1:1|66:BO|XAUUSD|5|0|L|1755824400|MSZZ|XAUUSD|5|0|1|1755814200|1755814200;1010;XAUUSD;PERIOD_M5;LONG;2025.08.22 01:00:00;2025.08.22 01:05:00;2025.08.22 02:09:58;3340.21000000;3338.30000000;3344.03000000;3338.30000000;SL;-1.0000;0.1937;-1.0733;12;Asian
MSZZC1|6:XAUUSD|1:5|2:-1|1:1|67:BO|XAUUSD|5|0|S|1755841500|MSZZ|XAUUSD|5|0|-1|1755838800|1755838800;1010;XAUUSD;PERIOD_M5;SHORT;2025.08.22 05:45:00;2025.08.22 05:50:00;2025.08.22 17:04:57;3333.31000000;3346.15000000;3307.63000000;3346.15000000;SL;-1.0000;0.9245;-1.7531;134;Asian
MSZZC1|6:XAUUSD|1:5|1:1|1:1|66:BO|XAUUSD|5|0|L|1755882600|MSZZ|XAUUSD|5|0|1|1755882000|1755882000;1010;XAUUSD;PERIOD_M5;LONG;2025.08.22 17:10:00;2025.08.22 17:15:00;2025.08.28 11:49:58;3359.06000000;3338.30000000;3400.58000000;3400.58000000;TP;2.0000;2.0169;-0.3757;1662;NewYork
MSZZC1|6:XAUUSD|1:5|1:1|1:1|66:BO|XAUUSD|5|0|L|1758161100|MSZZ|XAUUSD|5|0|1|1758146700|1758147000;1010;XAUUSD;PERIOD_M5;LONG;2025.09.18 02:05:00;2025.09.18 02:10:00;2025.09.19 01:05:00;3666.10000000;3615.32000000;3767.66000000;3643.11000000;OTHER;-0.4527;0.1351;-0.7544;275;Asian
MSZZC1|6:XAUUSD|1:5|2:-1|1:1|67:BO|XAUUSD|5|0|S|1758243600|MSZZ|XAUUSD|5|0|-1|1758213300|1758213300;1010;XAUUSD;PERIOD_M5;SHORT;2025.09.19 01:00:00;2025.09.19 01:05:00;2025.09.19 18:04:58;3643.11000000;3669.84000000;3589.65000000;3669.84000000;SL;-1.0000;0.4093;-1.0153;203;Asian
MSZZC1|6:XAUUSD|1:5|2:-1|1:1|67:BO|XAUUSD|5|0|S|1758554400|MSZZ|XAUUSD|5|0|-1|1758291000|1758291000;1010;XAUUSD;PERIOD_M5;SHORT;2025.09.22 15:20:00;2025.09.22 15:25:00;2025.09.22 15:29:58;3713.37000000;3714.07000000;3711.97000000;3714.07000000;SL;-1.0000;1.9286;-3.4714;0;London
MSZZC1|6:XAUUSD|1:5|1:1|1:1|66:BO|XAUUSD|5|0|L|1758753900|MSZZ|XAUUSD|5|0|1|1758533400|1758533400;1010;XAUUSD;PERIOD_M5;LONG;2025.09.24 22:45:00;2025.09.24 22:50:00;2025.10.01 11:19:58;3730.74000000;3651.47000000;3889.28000000;3889.28000000;TP;2.0000;2.0479;-0.1120;1877;NewYork
MSZZC1|6:XAUUSD|1:5|1:1|1:1|66:BO|XAUUSD|5|0|L|1760676900|MSZZ|XAUUSD|5|0|1|1760128800|1760129100;1010;XAUUSD;PERIOD_M5;LONG;2025.10.17 04:55:00;2025.10.17 05:00:00;2025.10.21 17:40:00;4314.07000000;4005.71000000;4930.79000000;4118.80000000;OTHER;-0.6333;0.2190;-0.7025;1304;Asian
MSZZC1|6:XAUUSD|1:5|2:-1|1:1|67:BO|XAUUSD|5|0|S|1761068100|MSZZ|XAUUSD|5|0|-1|1761067500|1761067500;1010;XAUUSD;PERIOD_M5;SHORT;2025.10.21 17:35:00;2025.10.21 17:40:00;2025.10.21 20:35:00;4118.80000000;4160.96000000;4034.48000000;4113.98000000;OTHER;0.1143;0.9127;-0.7588;35;NewYork
MSZZC1|6:XAUUSD|1:5|1:1|1:1|66:BO|XAUUSD|5|0|L|1761078600|MSZZ|XAUUSD|5|0|1|1760490300|1760490300;1010;XAUUSD;PERIOD_M5;LONG;2025.10.21 20:30:00;2025.10.21 20:35:00;2025.10.21 22:19:58;4113.98000000;4101.32000000;4139.30000000;4101.32000000;SL;-1.0000;0.9305;-1.0450;20;NewYork
MSZZC1|6:XAUUSD|1:5|2:-1|1:1|67:BO|XAUUSD|5|0|S|1761095100|MSZZ|XAUUSD|5|0|-1|1761094800|1761094800;1010;XAUUSD;PERIOD_M5;SHORT;2025.10.22 01:05:00;2025.10.22 01:10:00;2025.10.22 03:04:58;4115.84000000;4132.61000000;4082.30000000;4082.30000000;TP;2.0000;3.9058;-0.7871;22;Asian
MSZZC1|6:XAUUSD|1:5|2:-1|1:1|67:BO|XAUUSD|5|0|S|1761116100|MSZZ|XAUUSD|5|0|-1|1761067500|1761067500;1010;XAUUSD;PERIOD_M5;SHORT;2025.10.22 06:55:00;2025.10.22 07:00:00;2025.10.22 08:19:59;4128.59000000;4143.02000000;4099.73000000;4143.02000000;SL;-1.0000;1.4449;-1.1656;15;Asian
MSZZC1|6:XAUUSD|1:5|2:-1|1:1|67:BO|XAUUSD|5|0|S|1761127200|MSZZ|XAUUSD|5|0|-1|1761067200|1761067200;1010;XAUUSD;PERIOD_M5;SHORT;2025.10.22 10:00:00;2025.10.22 10:05:00;2025.10.22 11:09:58;4142.20000000;4161.27000000;4104.06000000;4104.06000000;TP;2.0000;2.2349;-0.3036;12;London
MSZZC1|6:XAUUSD|1:5|1:1|1:1|66:BO|XAUUSD|5|0|L|1762519800|MSZZ|XAUUSD|5|0|1|1762512000|1762512000;1010;XAUUSD;PERIOD_M5;LONG;2025.11.07 12:50:00;2025.11.07 12:55:00;2025.11.07 13:14:58;4008.24000000;4002.79000000;4019.14000000;4002.79000000;SL;-1.0000;0.7541;-1.0954;3;London
MSZZC1|6:XAUUSD|1:5|2:-1|1:1|67:BO|XAUUSD|5|0|S|1762521900|MSZZ|XAUUSD|5|0|-1|1762521300|1762521300;1010;XAUUSD;PERIOD_M5;SHORT;2025.11.07 13:25:00;2025.11.07 13:30:00;2025.11.07 18:30:00;3999.22000000;4012.35000000;3972.96000000;4008.19000000;OTHER;-0.6832;1.1371;-1.4059;60;London
MSZZC1|6:XAUUSD|1:5|1:1|1:1|66:BO|XAUUSD|5|0|L|1762539900|MSZZ|XAUUSD|5|0|1|1762539600|1762539600;1010;XAUUSD;PERIOD_M5;LONG;2025.11.07 18:25:00;2025.11.07 18:30:00;2025.11.07 19:20:00;4008.19000000;3989.59000000;4045.39000000;3995.13000000;OTHER;-0.7022;1.0532;-0.8667;10;NewYork
MSZZC1|6:XAUUSD|1:5|2:-1|1:1|67:BO|XAUUSD|5|0|S|1762542900|MSZZ|XAUUSD|5|0|-1|1762542300|1762542300;1010;XAUUSD;PERIOD_M5;SHORT;2025.11.07 19:15:00;2025.11.07 19:20:00;2025.11.10 02:00:00;3995.13000000;4027.09000000;3931.21000000;4011.96000000;OTHER;-0.5266;0.0676;-0.6812;656;NewYork
MSZZC1|6:XAUUSD|1:5|1:1|1:1|66:BO|XAUUSD|5|0|L|1762739700|MSZZ|XAUUSD|5|0|1|1762736400|1762736400;1010;XAUUSD;PERIOD_M5;LONG;2025.11.10 01:55:00;2025.11.10 02:00:00;2025.11.10 03:24:58;4011.96000000;3997.82000000;4040.24000000;4040.24000000;TP;2.0000;2.4802;-0.0530;16;Asian
MSZZC1|6:XAUUSD|1:5|2:-1|1:1|67:BO|XAUUSD|5|0|S|1763564700|MSZZ|XAUUSD|5|0|-1|1763564400|1763564400;1010;XAUUSD;PERIOD_M5;SHORT;2025.11.19 15:05:00;2025.11.19 15:10:00;2025.11.19 15:40:00;4107.24000000;4116.46000000;4088.80000000;4112.17000000;OTHER;-0.5347;0.6952;-0.8536;6;London
MSZZC1|6:XAUUSD|1:5|1:1|1:1|66:BO|XAUUSD|5|0|L|1763566500|MSZZ|XAUUSD|5|0|1|1763565900|1763565900;1010;XAUUSD;PERIOD_M5;LONG;2025.11.19 15:35:00;2025.11.19 15:40:00;2025.11.19 16:30:00;4112.17000000;4100.83000000;4134.85000000;4106.62000000;OTHER;-0.4894;0.5952;-0.9127;10;London
MSZZC1|6:XAUUSD|1:5|2:-1|1:1|67:BO|XAUUSD|5|0|S|1763569500|MSZZ|XAUUSD|5|0|-1|1763564400|1763564400;1010;XAUUSD;PERIOD_M5;SHORT;2025.11.19 16:25:00;2025.11.19 16:30:00;2025.11.19 16:54:58;4106.62000000;4117.88000000;4084.10000000;4117.88000000;SL;-1.0000;0.4263;-1.0142;4;NewYork
MSZZC1|6:XAUUSD|1:5|2:-1|1:1|67:BO|XAUUSD|5|0|S|1763726100|MSZZ|XAUUSD|5|0|-1|1763108100|1763108100;1010;XAUUSD;PERIOD_M5;SHORT;2025.11.21 11:55:00;2025.11.21 12:00:00;2025.11.24 01:50:00;4050.57000000;4171.01000000;3809.69000000;4074.75000000;OTHER;-0.2008;0.1620;-0.4213;742;London
MSZZC1|6:XAUUSD|1:5|1:1|1:1|66:BO|XAUUSD|5|0|L|1763948700|MSZZ|XAUUSD|5|0|1|1763946000|1763946000;1010;XAUUSD;PERIOD_M5;LONG;2025.11.24 01:45:00;2025.11.24 01:50:00;2025.11.24 02:09:57;4074.75000000;4068.97000000;4086.31000000;4068.97000000;SL;-1.0000;0.3478;-2.4187;3;Asian
MSZZC1|6:XAUUSD|1:5|2:-1|1:1|67:BO|XAUUSD|5|0|S|1763953500|MSZZ|XAUUSD|5|0|-1|1763949900|1763949900;1010;XAUUSD;PERIOD_M5;SHORT;2025.11.24 03:05:00;2025.11.24 03:10:00;2025.11.24 17:14:58;4056.60000000;4092.29000000;3985.22000000;4092.29000000;SL;-1.0000;0.4732;-1.0317;168;Asian
MSZZC1|6:XAUUSD|1:5|1:1|1:1|66:BO|XAUUSD|5|0|L|1764764100|MSZZ|XAUUSD|5|0|1|1764122400|1764122400;1010;XAUUSD;PERIOD_M5;LONG;2025.12.03 12:15:00;2025.12.03 12:20:00;2025.12.03 20:55:00;4197.96000000;4129.75000000;4334.38000000;4197.38000000;OTHER;-0.0085;0.6407;-0.0410;103;London
MSZZC1|6:XAUUSD|1:5|2:-1|1:1|67:BO|XAUUSD|5|0|S|1764795000|MSZZ|XAUUSD|5|0|-1|1764333000|1764333000;1010;XAUUSD;PERIOD_M5;SHORT;2025.12.03 20:50:00;2025.12.03 20:55:00;2025.12.03 21:04:58;4197.38000000;4200.86000000;4190.42000000;4200.86000000;SL;-1.0000;0.6063;-1.7126;1;NewYork
MSZZC1|6:XAUUSD|1:5|2:-1|1:1|67:BO|XAUUSD|5|0|S|1764881700|MSZZ|XAUUSD|5|0|-1|1764333000|1764333000;1010;XAUUSD;PERIOD_M5;SHORT;2025.12.04 20:55:00;2025.12.04 21:00:00;2025.12.05 07:04:57;4207.98000000;4217.56000000;4188.82000000;4217.56000000;SL;-1.0000;1.3883;-1.0866;120;NewYork
MSZZC1|6:XAUUSD|1:5|1:1|1:1|66:BO|XAUUSD|5|0|L|1764959100|MSZZ|XAUUSD|5|0|1|1764861900|1764861900;1010;XAUUSD;PERIOD_M5;LONG;2025.12.05 18:25:00;2025.12.05 18:30:00;2025.12.05 23:19:58;4216.83000000;4198.58000000;4253.33000000;4198.58000000;SL;-1.0000;0.1551;-1.2959;57;NewYork
MSZZC1|6:XAUUSD|1:5|2:-1|1:1|67:BO|XAUUSD|5|0|S|1765213800|MSZZ|XAUUSD|5|0|-1|1764958200|1764958200;1010;XAUUSD;PERIOD_M5;SHORT;2025.12.08 17:10:00;2025.12.08 17:15:00;2025.12.09 11:15:00;4178.19000000;4259.26000000;4016.05000000;4203.57000000;OTHER;-0.3131;0.0983;-0.4043;216;NewYork
MSZZC1|6:XAUUSD|1:5|1:1|1:1|66:BO|XAUUSD|5|0|L|1765278600|MSZZ|XAUUSD|5|0|1|1764916200|1764916200;1010;XAUUSD;PERIOD_M5;LONG;2025.12.09 11:10:00;2025.12.09 11:15:00;2025.12.10 05:20:00;4203.57000000;4175.86000000;4258.99000000;4209.06000000;OTHER;0.1981;0.6489;-0.5117;217;London
MSZZC1|6:XAUUSD|1:5|2:-1|1:1|67:BO|XAUUSD|5|0|S|1765343700|MSZZ|XAUUSD|5|0|-1|1765343400|1765343400;1010;XAUUSD;PERIOD_M5;SHORT;2025.12.10 05:15:00;2025.12.10 05:20:00;2025.12.10 12:09:57;4209.06000000;4217.65000000;4191.88000000;4191.88000000;TP;2.0000;2.0361;-0.6135;81;Asian
MSZZC1|6:XAUUSD|1:5|2:-1|1:1|67:BO|XAUUSD|5|0|S|1765401000|MSZZ|XAUUSD|5|0|-1|1764958200|1764958200;1010;XAUUSD;PERIOD_M5;SHORT;2025.12.10 21:10:00;2025.12.10 21:15:00;2025.12.10 21:29:58;4212.21000000;4218.84000000;4198.95000000;4198.95000000;TP;2.0000;2.5958;-0.6757;2;NewYork
MSZZC1|6:XAUUSD|1:5|1:1|1:1|66:BO|XAUUSD|5|0|L|1765417200|MSZZ|XAUUSD|5|0|1|1765414800|1765415100;1010;XAUUSD;PERIOD_M5;LONG;2025.12.11 01:40:00;2025.12.11 01:45:00;2025.12.12 10:14:58;4228.43000000;4195.00000000;4295.29000000;4295.29000000;TP;2.0000;2.0048;-0.7206;389;Asian
MSZZC1|6:XAUUSD|1:5|1:1|1:1|66:BO|XAUUSD|5|0|L|1765565100|MSZZ|XAUUSD|5|0|1|1765474800|1765474800;1010;XAUUSD;PERIOD_M5;LONG;2025.12.12 18:45:00;2025.12.12 18:50:00;2025.12.18 18:14:58;4278.67000000;4234.93000000;4366.15000000;4366.15000000;TP;2.0000;2.0377;-0.1850;1720;NewYork
MSZZC1|6:XAUUSD|1:5|1:1|1:1|66:BO|XAUUSD|5|0|L|1766367900|MSZZ|XAUUSD|5|0|1|1766121900|1766121900;1010;XAUUSD;PERIOD_M5;LONG;2025.12.22 01:45:00;2025.12.22 01:50:00;2025.12.22 17:59:58;4355.41000000;4316.08000000;4434.07000000;4434.07000000;TP;2.0000;2.0392;-0.0679;193;Asian
MSZZC1|6:XAUUSD|1:5|1:1|1:1|66:BO|XAUUSD|5|0|L|1767033300|MSZZ|XAUUSD|5|0|1|1767030300|1767030600;1010;XAUUSD;PERIOD_M5;LONG;2025.12.29 18:35:00;2025.12.29 18:40:00;2025.12.29 22:40:00;4340.81000000;4301.22000000;4419.99000000;4330.38000000;OTHER;-0.2635;0.1687;-0.6613;48;NewYork
MSZZC1|6:XAUUSD|1:5|2:-1|1:1|67:BO|XAUUSD|5|0|S|1767047700|MSZZ|XAUUSD|5|0|-1|1767036900|1767036900;1010;XAUUSD;PERIOD_M5;SHORT;2025.12.29 22:35:00;2025.12.29 22:40:00;2025.12.30 01:09:58;4330.38000000;4344.64000000;4301.86000000;4344.64000000;SL;-1.0000;0.2132;-1.1711;29;NewYork
MSZZC1|6:XAUUSD|1:5|1:1|1:1|66:BO|XAUUSD|5|0|L|1767072300|MSZZ|XAUUSD|5|0|1|1767070800|1767071100;1010;XAUUSD;PERIOD_M5;LONG;2025.12.30 05:25:00;2025.12.30 05:30:00;2025.12.30 16:35:00;4368.20000000;4327.34000000;4449.92000000;4382.62000000;OTHER;0.3529;0.8801;-0.4393;133;Asian
MSZZC1|6:XAUUSD|1:5|2:-1|1:1|67:BO|XAUUSD|5|0|S|1767112200|MSZZ|XAUUSD|5|0|-1|1767024300|1767024300;1010;XAUUSD;PERIOD_M5;SHORT;2025.12.30 16:30:00;2025.12.30 16:35:00;2025.12.31 07:44:57;4382.62000000;4413.28000000;4321.30000000;4321.30000000;TP;2.0000;2.1151;-0.0264;181;NewYork
MSZZC1|6:XAUUSD|1:5|2:-1|1:1|67:BO|XAUUSD|5|0|S|1767661800|MSZZ|XAUUSD|5|0|-1|1766973600|1766973600;1010;XAUUSD;PERIOD_M5;SHORT;2026.01.06 01:10:00;2026.01.06 01:15:00;2026.01.12 01:04:57;4451.61000000;4519.31000000;4316.21000000;4519.31000000;SL;-1.0000;0.6455;-1.0651;1725;Asian
MSZZC1|6:XAUUSD|1:5|1:1|1:1|66:BO|XAUUSD|5|0|L|1768585200|MSZZ|XAUUSD|5|0|1|1767990600|1767990600;1010;XAUUSD;PERIOD_M5;LONG;2026.01.16 17:40:00;2026.01.16 17:45:00;2026.01.19 01:09:58;4555.68000000;4502.35000000;4662.34000000;4662.34000000;TP;2.0000;2.0071;-0.0036;664;NewYork
MSZZC1|6:XAUUSD|1:5|1:1|1:1|66:BO|XAUUSD|5|0|L|1769775300|MSZZ|XAUUSD|5|0|1|1769774400|1769774400;1010;XAUUSD;PERIOD_M5;LONG;2026.01.30 12:15:00;2026.01.30 12:20:00;2026.01.30 19:09:58;5058.63000000;4932.82000000;5310.25000000;4932.82000000;SL;-1.0000;0.6926;-1.0401;81;London
MSZZC1|6:XAUUSD|1:5|2:-1|1:1|67:BO|XAUUSD|5|0|S|1769801700|MSZZ|XAUUSD|5|0|-1|1769800200|1769800200;1010;XAUUSD;PERIOD_M5;SHORT;2026.01.30 19:35:00;2026.01.30 19:40:00;2026.01.30 19:54:58;4889.46000000;4930.95000000;4806.48000000;4806.48000000;TP;2.0000;2.0730;-0.2586;2;NewYork
MSZZC1|6:XAUUSD|1:5|2:-1|1:1|67:BO|XAUUSD|5|0|S|1769807400|MSZZ|XAUUSD|5|0|-1|1769800200|1769800200;1010;XAUUSD;PERIOD_M5;SHORT;2026.01.30 21:10:00;2026.01.30 21:15:00;2026.01.30 21:49:57;4889.79000000;4930.95000000;4807.47000000;4930.95000000;SL;-1.0000;1.2303;-1.0736;6;NewYork
MSZZC1|6:XAUUSD|1:5|2:-1|1:1|67:BO|XAUUSD|5|0|S|1769811600|MSZZ|XAUUSD|5|0|-1|1769800200|1769800200;1010;XAUUSD;PERIOD_M5;SHORT;2026.01.30 22:20:00;2026.01.30 22:25:00;2026.02.02 01:14:58;4896.34000000;4956.69000000;4775.64000000;4775.64000000;TP;2.0000;2.9471;-0.2898;609;NewYork
MSZZC1|6:XAUUSD|1:5|2:-1|1:1|67:BO|XAUUSD|5|0|S|1770175800|MSZZ|XAUUSD|5|0|-1|1769769000|1769769000;1010;XAUUSD;PERIOD_M5;SHORT;2026.02.04 03:30:00;2026.02.04 03:35:00;2026.02.04 17:39:58;5029.88000000;5095.37000000;4898.90000000;4898.90000000;TP;2.0000;2.1744;-0.9521;168;Asian
MSZZC1|6:XAUUSD|1:5|2:-1|1:1|67:BO|XAUUSD|5|0|S|1770744900|MSZZ|XAUUSD|5|0|-1|1770741900|1770741900;1010;XAUUSD;PERIOD_M5;SHORT;2026.02.10 17:35:00;2026.02.10 17:40:00;2026.02.11 07:40:00;5007.22000000;5076.55000000;4868.56000000;5062.40000000;OTHER;-0.7959;0.0407;-0.8174;168;NewYork
MSZZC1|6:XAUUSD|1:5|1:1|1:1|66:BO|XAUUSD|5|0|L|1770795300|MSZZ|XAUUSD|5|0|1|1770795000|1770795000;1010;XAUUSD;PERIOD_M5;LONG;2026.02.11 07:35:00;2026.02.11 07:40:00;2026.02.11 07:54:58;5062.40000000;5048.09000000;5091.02000000;5048.09000000;SL;-1.0000;0.1041;-1.0608;2;Asian
MSZZC1|6:XAUUSD|1:5|1:1|1:1|66:BO|XAUUSD|5|0|L|1770798600|MSZZ|XAUUSD|5|0|1|1770797100|1770797100;1010;XAUUSD;PERIOD_M5;LONG;2026.02.11 08:30:00;2026.02.11 08:35:00;2026.02.11 10:34:58;5057.22000000;5048.09000000;5075.48000000;5048.09000000;SL;-1.0000;1.2771;-1.2749;23;London
MSZZC1|6:XAUUSD|1:5|1:1|1:1|66:BO|XAUUSD|5|0|L|1770809100|MSZZ|XAUUSD|5|0|1|1770807600|1770807900;1010;XAUUSD;PERIOD_M5;LONG;2026.02.11 11:25:00;2026.02.11 11:30:00;2026.02.11 11:49:57;5054.76000000;5048.09000000;5068.10000000;5068.10000000;TP;2.0000;2.6087;-0.1514;3;London
MSZZC1|6:XAUUSD|1:5|1:1|1:1|66:BO|XAUUSD|5|0|L|1770838800|MSZZ|XAUUSD|5|0|1|1770837300|1770837300;1010;XAUUSD;PERIOD_M5;LONG;2026.02.11 19:40:00;2026.02.11 19:45:00;2026.02.11 22:00:00;5096.47000000;5048.09000000;5193.23000000;5081.58000000;OTHER;-0.3078;0.0200;-0.6269;27;NewYork
MSZZC1|6:XAUUSD|1:5|2:-1|1:1|67:BO|XAUUSD|5|0|S|1770846900|MSZZ|XAUUSD|5|0|-1|1770840600|1770840600;1010;XAUUSD;PERIOD_M5;SHORT;2026.02.11 21:55:00;2026.02.11 22:00:00;2026.02.12 01:04:58;5081.58000000;5094.43000000;5055.88000000;5094.43000000;SL;-1.0000;0.8996;-1.4661;36;NewYork
MSZZC1|6:XAUUSD|1:5|1:1|1:1|66:BO|XAUUSD|5|0|L|1770858000|MSZZ|XAUUSD|5|0|1|1770853800|1770853800;1010;XAUUSD;PERIOD_M5;LONG;2026.02.12 01:00:00;2026.02.12 01:05:00;2026.02.12 01:09:58;5095.69000000;5078.27000000;5130.53000000;5078.27000000;SL;-1.0000;0.0511;-1.1361;0;Asian
MSZZC1|6:XAUUSD|1:5|2:-1|1:1|67:BO|XAUUSD|5|0|S|1770858600|MSZZ|XAUUSD|5|0|-1|1770858300|1770858300;1010;XAUUSD;PERIOD_M5;SHORT;2026.02.12 01:10:00;2026.02.12 01:15:00;2026.02.12 18:14:58;5063.63000000;5093.04000000;5004.81000000;5004.81000000;TP;2.0000;3.9160;-0.6855;203;Asian
MSZZC1|6:XAUUSD|1:5|1:1|1:1|66:BO|XAUUSD|5|0|L|1770924000|MSZZ|XAUUSD|5|0|1|1770921600|1770921900;1010;XAUUSD;PERIOD_M5;LONG;2026.02.12 19:20:00;2026.02.12 19:25:00;2026.02.17 16:04:58;4973.51000000;4851.38000000;5217.77000000;4851.38000000;SL;-1.0000;0.6421;-1.0807;1399;NewYork
MSZZC1|6:XAUUSD|1:5|2:-1|1:1|67:BO|XAUUSD|5|0|S|1771524900|MSZZ|XAUUSD|5|0|-1|1770912000|1770912000;1010;XAUUSD;PERIOD_M5;SHORT;2026.02.19 18:15:00;2026.02.19 18:20:00;2026.02.20 08:24:58;5001.38000000;5022.49000000;4959.16000000;5022.49000000;SL;-1.0000;1.2279;-1.0251;168;NewYork
MSZZC1|6:XAUUSD|1:5|2:-1|1:1|67:BO|XAUUSD|5|0|S|1772544300|MSZZ|XAUUSD|5|0|-1|1772543100|1772543100;1010;XAUUSD;PERIOD_M5;SHORT;2026.03.03 13:25:00;2026.03.03 13:30:00;2026.03.03 14:14:58;5126.68000000;5180.54000000;5018.96000000;5180.54000000;SL;-1.0000;0.9909;-1.2323;8;London
MSZZC1|6:XAUUSD|1:5|2:-1|1:1|67:BO|XAUUSD|5|0|S|1772550300|MSZZ|XAUUSD|5|0|-1|1772543100|1772543100;1010;XAUUSD;PERIOD_M5;SHORT;2026.03.03 15:05:00;2026.03.03 15:10:00;2026.03.03 15:24:57;5152.56000000;5180.54000000;5096.60000000;5180.54000000;SL;-1.0000;0.2144;-1.1401;2;London
MSZZC1|6:XAUUSD|1:5|2:-1|1:1|67:BO|XAUUSD|5|0|S|1772552100|MSZZ|XAUUSD|5|0|-1|1772543100|1772543100;1010;XAUUSD;PERIOD_M5;SHORT;2026.03.03 15:35:00;2026.03.03 15:40:00;2026.03.03 16:39:57;5158.07000000;5180.54000000;5113.13000000;5113.13000000;TP;2.0000;2.4695;-0.7895;11;London
MSZZC1|6:XAUUSD|1:5|1:1|1:1|66:BO|XAUUSD|5|0|L|1772586600|MSZZ|XAUUSD|5|0|1|1772586000|1772586000;1010;XAUUSD;PERIOD_M5;LONG;2026.03.04 01:10:00;2026.03.04 01:15:00;2026.03.04 03:30:00;5117.54000000;5083.39000000;5185.84000000;5146.27000000;OTHER;0.8413;1.3775;-0.3388;27;Asian
MSZZC1|6:XAUUSD|1:5|2:-1|1:1|67:BO|XAUUSD|5|0|S|1772594700|MSZZ|XAUUSD|5|0|-1|1772543100|1772543100;1010;XAUUSD;PERIOD_M5;SHORT;2026.03.04 03:25:00;2026.03.04 03:30:00;2026.03.04 04:09:58;5146.27000000;5180.54000000;5077.73000000;5180.54000000;SL;-1.0000;0.1077;-1.1237;7;Asian
MSZZC1|6:XAUUSD|1:5|2:-1|1:1|67:BO|XAUUSD|5|0|S|1772600100|MSZZ|XAUUSD|5|0|-1|1772543100|1772543100;1010;XAUUSD;PERIOD_M5;SHORT;2026.03.04 04:55:00;2026.03.04 05:00:00;2026.03.04 06:14:57;5156.43000000;5180.54000000;5108.21000000;5180.54000000;SL;-1.0000;0.6358;-1.0294;14;Asian
MSZZC1|6:XAUUSD|1:5|2:-1|1:1|67:BO|XAUUSD|5|0|S|1772606700|MSZZ|XAUUSD|5|0|-1|1772543100|1772543100;1010;XAUUSD;PERIOD_M5;SHORT;2026.03.04 06:45:00;2026.03.04 06:50:00;2026.03.04 10:49:58;5155.34000000;5180.54000000;5104.94000000;5180.54000000;SL;-1.0000;1.6167;-1.0369;47;Asian
MSZZC1|6:XAUUSD|1:5|2:-1|1:1|67:BO|XAUUSD|5|0|S|1772643000|MSZZ|XAUUSD|5|0|-1|1772543100|1772543100;1010;XAUUSD;PERIOD_M5;SHORT;2026.03.04 16:50:00;2026.03.04 16:55:00;2026.03.05 03:09:58;5152.25000000;5181.03000000;5094.69000000;5181.03000000;SL;-1.0000;1.5031;-1.0177;122;NewYork
MSZZC1|6:XAUUSD|1:5|2:-1|1:1|67:BO|XAUUSD|5|0|S|1772697300|MSZZ|XAUUSD|5|0|-1|1772543100|1772543100;1010;XAUUSD;PERIOD_M5;SHORT;2026.03.05 07:55:00;2026.03.05 08:00:00;2026.03.05 11:19:57;5148.77000000;5181.03000000;5084.25000000;5181.03000000;SL;-1.0000;0.9089;-0.9947;39;London
MSZZC1|6:XAUUSD|1:5|2:-1|1:1|67:BO|XAUUSD|5|0|S|1772723700|MSZZ|XAUUSD|5|0|-1|1772543100|1772543100;1010;XAUUSD;PERIOD_M5;SHORT;2026.03.05 15:15:00;2026.03.05 15:20:00;2026.03.09 01:04:57;5131.28000000;5181.03000000;5031.78000000;5181.03000000;SL;-1.0000;1.6096;-1.3877;980;London
MSZZC1|6:XAUUSD|1:5|1:1|1:1|66:BO|XAUUSD|5|0|L|1773312000|MSZZ|XAUUSD|5|0|1|1773208200|1773208200;1010;XAUUSD;PERIOD_M5;LONG;2026.03.12 10:40:00;2026.03.12 10:45:00;2026.03.12 18:14:58;5179.07000000;5124.05000000;5289.11000000;5124.05000000;SL;-1.0000;0.2305;-1.2917;89;London
MSZZC1|6:XAUUSD|1:5|1:1|1:1|66:BO|XAUUSD|5|0|L|1773378000|MSZZ|XAUUSD|5|0|1|1773377700|1773377700;1010;XAUUSD;PERIOD_M5;LONG;2026.03.13 05:00:00;2026.03.13 05:05:00;2026.03.13 06:00:00;5127.11000000;5108.68000000;5163.97000000;5111.99000000;OTHER;-0.8204;0.0222;-0.9740;11;Asian
MSZZC1|6:XAUUSD|1:5|2:-1|1:1|67:BO|XAUUSD|5|0|S|1773381300|MSZZ|XAUUSD|5|0|-1|1773380700|1773380700;1010;XAUUSD;PERIOD_M5;SHORT;2026.03.13 05:55:00;2026.03.13 06:00:00;2026.03.13 10:19:58;5111.99000000;5128.66000000;5078.65000000;5078.65000000;TP;2.0000;2.2256;-0.3653;51;Asian
MSZZC1|6:XAUUSD|1:5|2:-1|1:1|67:BO|XAUUSD|5|0|S|1773414300|MSZZ|XAUUSD|5|0|-1|1773380700|1773380700;1010;XAUUSD;PERIOD_M5;SHORT;2026.03.13 15:05:00;2026.03.13 15:10:00;2026.03.13 15:49:58;5110.22000000;5118.81000000;5093.04000000;5118.81000000;SL;-1.0000;0.6636;-1.3586;7;London
MSZZC1|6:XAUUSD|1:5|1:1|1:1|66:BO|XAUUSD|5|0|L|1773416700|MSZZ|XAUUSD|5|0|1|1773415800|1773416400;1010;XAUUSD;PERIOD_M5;LONG;2026.03.13 15:45:00;2026.03.13 15:50:00;2026.03.13 16:34:58;5121.54000000;5104.52000000;5155.58000000;5104.52000000;SL;-1.0000;-0.0100;-1.2474;8;London
MSZZC1|6:XAUUSD|1:5|2:-1|1:1|67:BO|XAUUSD|5|0|S|1773419400|MSZZ|XAUUSD|5|0|-1|1773419100|1773419100;1010;XAUUSD;PERIOD_M5;SHORT;2026.03.13 16:30:00;2026.03.13 16:35:00;2026.03.13 16:45:00;5102.15000000;5121.89000000;5062.67000000;5112.29000000;OTHER;-0.5137;0.2888;-0.7599;2;NewYork
MSZZC1|6:XAUUSD|1:5|1:1|1:1|66:BO|XAUUSD|5|0|L|1773420000|MSZZ|XAUUSD|5|0|1|1773415800|1773416400;1010;XAUUSD;PERIOD_M5;LONG;2026.03.13 16:40:00;2026.03.13 16:45:00;2026.03.13 17:00:00;5112.29000000;5096.45000000;5143.97000000;5101.55000000;OTHER;-0.6780;0.3068;-1.0448;3;NewYork
MSZZC1|6:XAUUSD|1:5|2:-1|1:1|67:BO|XAUUSD|5|0|S|1773420900|MSZZ|XAUUSD|5|0|-1|1773419100|1773419100;1010;XAUUSD;PERIOD_M5;SHORT;2026.03.13 16:55:00;2026.03.13 17:00:00;2026.03.13 17:54:58;5101.55000000;5121.89000000;5060.87000000;5060.87000000;TP;2.0000;2.1750;-0.3245;10;NewYork
MSZZC1|6:XAUUSD|1:5|1:1|1:1|66:BO|XAUUSD|5|0|L|1774855200|MSZZ|XAUUSD|5|0|1|1774849200|1774849200;1010;XAUUSD;PERIOD_M5;LONG;2026.03.30 07:20:00;2026.03.30 07:25:00;2026.03.31 17:04:58;4494.33000000;4430.48000000;4622.03000000;4622.03000000;TP;2.0000;2.0503;-0.1848;403;Asian
MSZZC1|6:XAUUSD|1:5|1:1|1:1|66:BO|XAUUSD|5|0|L|1775581800|MSZZ|XAUUSD|5|0|1|1775446800|1775446800;1010;XAUUSD;PERIOD_M5;LONG;2026.04.07 17:10:00;2026.04.07 17:15:00;2026.04.08 01:39:58;4621.94000000;4550.22000000;4765.38000000;4765.38000000;TP;2.0000;2.1997;-0.1690;100;NewYork
MSZZC1|6:XAUUSD|1:5|1:1|1:1|66:BO|XAUUSD|5|0|L|1775722500|MSZZ|XAUUSD|5|0|1|1775601900|1775601900;1010;XAUUSD;PERIOD_M5;LONG;2026.04.09 08:15:00;2026.04.09 08:20:00;2026.04.09 18:34:58;4720.73000000;4687.21000000;4787.77000000;4787.77000000;TP;2.0000;2.1408;-0.5104;122;London
MSZZC1|6:XAUUSD|1:5|1:1|1:1|66:BO|XAUUSD|5|0|L|1775759400|MSZZ|XAUUSD|5|0|1|1775758500|1775758500;1010;XAUUSD;PERIOD_M5;LONG;2026.04.09 18:30:00;2026.04.09 18:35:00;2026.04.09 22:50:00;4792.45000000;4746.97000000;4883.41000000;4769.98000000;OTHER;-0.4941;0.1972;-0.5420;51;NewYork
MSZZC1|6:XAUUSD|1:5|2:-1|1:1|67:BO|XAUUSD|5|0|S|1775774700|MSZZ|XAUUSD|5|0|-1|1775773800|1775773800;1010;XAUUSD;PERIOD_M5;SHORT;2026.04.09 22:45:00;2026.04.09 22:50:00;2026.04.10 05:24:58;4769.98000000;4782.65000000;4744.64000000;4744.64000000;TP;2.0000;2.1728;-0.9408;78;NewYork
MSZZC1|6:XAUUSD|1:5|1:1|1:1|66:BO|XAUUSD|5|0|L|1776264600|MSZZ|XAUUSD|5|0|1|1776264300|1776264300;1010;XAUUSD;PERIOD_M5;LONG;2026.04.15 14:50:00;2026.04.15 14:55:00;2026.04.20 01:04:57;4814.40000000;4762.49000000;4918.22000000;4762.49000000;SL;-1.0000;1.4446;-1.0930;1273;London
MSZZC1|6:XAUUSD|1:5|2:-1|1:1|67:BO|XAUUSD|5|0|S|1776768900|MSZZ|XAUUSD|5|0|-1|1776652500|1776652500;1010;XAUUSD;PERIOD_M5;SHORT;2026.04.21 10:55:00;2026.04.21 11:00:00;2026.04.21 11:09:58;4785.90000000;4788.62000000;4780.46000000;4780.46000000;TP;2.0000;2.8162;-0.6103;1;London
MSZZC1|6:XAUUSD|1:5|1:1|1:1|66:BO|XAUUSD|5|0|L|1776789300|MSZZ|XAUUSD|5|0|1|1776789000|1776789000;1010;XAUUSD;PERIOD_M5;LONG;2026.04.21 16:35:00;2026.04.21 16:40:00;2026.04.21 17:34:58;4784.64000000;4766.29000000;4821.34000000;4766.29000000;SL;-1.0000;0.5221;-1.2234;10;NewYork
MSZZC1|6:XAUUSD|1:5|2:-1|1:1|67:BO|XAUUSD|5|0|S|1776792900|MSZZ|XAUUSD|5|0|-1|1776792600|1776792600;1010;XAUUSD;PERIOD_M5;SHORT;2026.04.21 17:35:00;2026.04.21 17:40:00;2026.04.21 21:19:58;4761.21000000;4794.22000000;4695.19000000;4695.19000000;TP;2.0000;2.0239;-0.0642;43;NewYork
MSZZC1|6:XAUUSD|1:5|2:-1|1:1|67:BO|XAUUSD|5|0|S|1777658400|MSZZ|XAUUSD|5|0|-1|1777352100|1777352100;1010;XAUUSD;PERIOD_M5;SHORT;2026.05.01 18:00:00;2026.05.01 18:05:00;2026.05.05 22:40:00;4626.98000000;4691.45000000;4498.04000000;4557.08000000;OTHER;1.0842;1.9550;-0.3583;1207;NewYork
MSZZC1|6:XAUUSD|1:5|1:1|1:1|66:BO|XAUUSD|5|0|L|1778020500|MSZZ|XAUUSD|5|0|1|1778013000|1778013000;1010;XAUUSD;PERIOD_M5;LONG;2026.05.05 22:35:00;2026.05.05 22:40:00;2026.05.06 05:49:58;4557.08000000;4516.89000000;4637.46000000;4637.46000000;TP;2.0000;2.0279;-0.2707;85;NewYork
MSZZC1|6:XAUUSD|1:5|1:1|1:1|66:BO|XAUUSD|5|0|L|1778610900|MSZZ|XAUUSD|5|0|1|1778033400|1778033400;1010;XAUUSD;PERIOD_M5;LONG;2026.05.12 18:35:00;2026.05.12 18:40:00;2026.05.13 21:00:00;4667.18000000;4557.64000000;4886.26000000;4685.75000000;OTHER;0.1695;0.5472;-0.0327;316;NewYork
MSZZC1|6:XAUUSD|1:5|2:-1|1:1|67:BO|XAUUSD|5|0|S|1778705700|MSZZ|XAUUSD|5|0|-1|1778559900|1778559900;1010;XAUUSD;PERIOD_M5;SHORT;2026.05.13 20:55:00;2026.05.13 21:00:00;2026.05.14 07:34:58;4685.75000000;4709.58000000;4638.09000000;4709.58000000;SL;-1.0000;0.7407;-1.0441;126;NewYork
MSZZC1|6:XAUUSD|1:5|1:1|1:1|66:BO|XAUUSD|5|0|L|1778770200|MSZZ|XAUUSD|5|0|1|1778769900|1778769900;1010;XAUUSD;PERIOD_M5;LONG;2026.05.14 14:50:00;2026.05.14 14:55:00;2026.05.14 16:05:00;4704.08000000;4689.53000000;4733.18000000;4697.44000000;OTHER;-0.4564;0.4062;-0.8034;14;London
MSZZC1|6:XAUUSD|1:5|2:-1|1:1|67:BO|XAUUSD|5|0|S|1778774400|MSZZ|XAUUSD|5|0|-1|1778773200|1778773200;1010;XAUUSD;PERIOD_M5;SHORT;2026.05.14 16:00:00;2026.05.14 16:05:00;2026.05.14 16:14:58;4697.44000000;4704.85000000;4682.62000000;4704.85000000;SL;-1.0000;0.0972;-0.9879;1;NewYork
MSZZC1|6:XAUUSD|1:5|2:-1|1:1|67:BO|XAUUSD|5|0|S|1778777400|MSZZ|XAUUSD|5|0|-1|1778775300|1778775300;1010;XAUUSD;PERIOD_M5;SHORT;2026.05.14 16:50:00;2026.05.14 16:55:00;2026.05.14 23:39:58;4685.16000000;4704.85000000;4645.78000000;4645.78000000;TP;2.0000;2.0660;-0.7969;80;NewYork
MSZZC1|6:XAUUSD|1:5|2:-1|1:1|67:BO|XAUUSD|5|0|S|1779469200|MSZZ|XAUUSD|5|0|-1|1779468000|1779468000;1010;XAUUSD;PERIOD_M5;SHORT;2026.05.22 17:00:00;2026.05.22 17:05:00;2026.05.25 01:04:58;4507.77000000;4534.33000000;4454.65000000;4534.33000000;SL;-1.0000;0.5990;-1.6800;671;NewYork
MSZZC1|6:XAUUSD|1:5|1:1|1:1|66:BO|XAUUSD|5|0|L|1779671100|MSZZ|XAUUSD|5|0|1|1779670800|1779670800;1010;XAUUSD;PERIOD_M5;LONG;2026.05.25 01:05:00;2026.05.25 01:10:00;2026.05.26 14:59:58;4554.82000000;4504.24000000;4655.98000000;4504.24000000;SL;-1.0000;0.5042;-1.0117;453;Asian
MSZZC1|6:XAUUSD|1:5|1:1|1:1|66:BO|XAUUSD|5|0|L|1779813600|MSZZ|XAUUSD|5|0|1|1779811200|1779811800;1010;XAUUSD;PERIOD_M5;LONG;2026.05.26 16:40:00;2026.05.26 16:45:00;2026.05.26 17:15:00;4527.69000000;4507.24000000;4568.59000000;4510.97000000;OTHER;-0.8176;0.0817;-0.9800;6;NewYork
MSZZC1|6:XAUUSD|1:5|2:-1|1:1|67:BO|XAUUSD|5|0|S|1779815400|MSZZ|XAUUSD|5|0|-1|1779814200|1779814200;1010;XAUUSD;PERIOD_M5;SHORT;2026.05.26 17:10:00;2026.05.26 17:15:00;2026.05.27 01:00:00;4510.97000000;4531.34000000;4470.23000000;4531.34000000;SL;-1.0000;1.4148;-1.2366;93;NewYork
MSZZC1|6:XAUUSD|1:5|1:1|1:1|66:BO|XAUUSD|5|0|L|1779997200|MSZZ|XAUUSD|5|0|1|1779996000|1779996000;1010;XAUUSD;PERIOD_M5;LONG;2026.05.28 19:40:00;2026.05.28 19:45:00;2026.05.28 19:49:57;4504.38000000;4502.64000000;4507.86000000;4507.86000000;TP;2.0000;2.2701;-0.1149;0;NewYork
MSZZC1|6:XAUUSD|1:5|1:1|1:1|66:BO|XAUUSD|5|0|L|1780005000|MSZZ|XAUUSD|5|0|1|1779996000|1779996000;1010;XAUUSD;PERIOD_M5;LONG;2026.05.28 21:50:00;2026.05.28 21:55:00;2026.05.28 21:59:58;4503.21000000;4502.64000000;4504.35000000;4502.64000000;SL;-1.0000;0.2807;-4.5263;0;NewYork
MSZZC1|6:XAUUSD|1:5|2:-1|1:1|67:BO|XAUUSD|5|0|S|1780016700|MSZZ|XAUUSD|5|0|-1|1780012500|1780012500;1010;XAUUSD;PERIOD_M5;SHORT;2026.05.29 01:05:00;2026.05.29 01:10:00;2026.05.29 04:10:00;4493.70000000;4510.44000000;4460.22000000;4509.13000000;OTHER;-0.9217;0.2939;-1.3106;36;Asian
MSZZC1|6:XAUUSD|1:5|1:1|1:1|66:BO|XAUUSD|5|0|L|1780027500|MSZZ|XAUUSD|5|0|1|1780027200|1780027200;1010;XAUUSD;PERIOD_M5;LONG;2026.05.29 04:05:00;2026.05.29 04:10:00;2026.05.29 04:49:58;4509.13000000;4502.64000000;4522.11000000;4502.64000000;SL;-1.0000;1.7951;-1.1602;7;Asian
MSZZC1|6:XAUUSD|1:5|1:1|1:1|66:BO|XAUUSD|5|0|L|1780030800|MSZZ|XAUUSD|5|0|1|1780027200|1780027200;1010;XAUUSD;PERIOD_M5;LONG;2026.05.29 05:00:00;2026.05.29 05:05:00;2026.05.29 05:29:58;4510.79000000;4502.64000000;4527.09000000;4502.64000000;SL;-1.0000;0.0515;-1.0834;4;Asian
MSZZC1|6:XAUUSD|1:5|2:-1|1:1|67:BO|XAUUSD|5|0|S|1780036500|MSZZ|XAUUSD|5|0|-1|1780025400|1780025400;1010;XAUUSD;PERIOD_M5;SHORT;2026.05.29 06:35:00;2026.05.29 06:40:00;2026.05.29 07:24:58;4496.31000000;4510.44000000;4468.05000000;4510.44000000;SL;-1.0000;0.0042;-1.0736;8;Asian
MSZZC1|6:XAUUSD|1:5|1:1|1:1|66:BO|XAUUSD|5|0|L|1780077600|MSZZ|XAUUSD|5|0|1|1780027200|1780027200;1010;XAUUSD;PERIOD_M5;LONG;2026.05.29 18:00:00;2026.05.29 18:05:00;2026.06.01 01:04:57;4578.32000000;4525.29000000;4684.38000000;4525.29000000;SL;-1.0000;0.3166;-1.1477;659;NewYork
MSZZC1|6:XAUUSD|1:5|2:-1|1:1|67:BO|XAUUSD|5|0|S|1780293900|MSZZ|XAUUSD|5|0|-1|1780025400|1780025400;1010;XAUUSD;PERIOD_M5;SHORT;2026.06.01 06:05:00;2026.06.01 06:10:00;2026.06.01 16:34:57;4517.44000000;4545.96000000;4460.40000000;4460.40000000;TP;2.0000;2.0684;-0.2738;124;Asian
MSZZC1|6:XAUUSD|1:5|2:-1|1:1|67:BO|XAUUSD|5|0|S|1780400100|MSZZ|XAUUSD|5|0|-1|1780399200|1780399200;1010;XAUUSD;PERIOD_M5;SHORT;2026.06.02 11:35:00;2026.06.02 11:40:00;2026.06.02 17:04:57;4530.15000000;4545.96000000;4498.53000000;4498.53000000;TP;2.0000;2.0070;-0.3567;64;London
MSZZC1|6:XAUUSD|1:5|2:-1|1:1|67:BO|XAUUSD|5|0|S|1780423800|MSZZ|XAUUSD|5|0|-1|1780418100|1780418100;1010;XAUUSD;PERIOD_M5;SHORT;2026.06.02 18:10:00;2026.06.02 18:15:00;2026.06.05 15:54:58;4503.47000000;4545.96000000;4418.49000000;4418.49000000;TP;2.0000;2.0457;-0.2815;835;NewYork
MSZZC1|6:XAUUSD|1:5|1:1|1:1|66:BO|XAUUSD|5|0|L|1781503800|MSZZ|XAUUSD|5|0|1|1781499600|1781499600;1010;XAUUSD;PERIOD_M5;LONG;2026.06.15 06:10:00;2026.06.15 06:15:00;2026.06.17 21:14:58;4325.51000000;4285.62000000;4405.29000000;4285.62000000;SL;-1.0000;1.4202;-1.2234;755;Asian
MSZZC1|6:XAUUSD|1:5|2:-1|1:1|67:BO|XAUUSD|5|0|S|1781871900|MSZZ|XAUUSD|5|0|-1|1781869800|1781870400;1010;XAUUSD;PERIOD_M5;SHORT;2026.06.19 12:25:00;2026.06.19 12:30:00;2026.06.19 15:59:58;4162.70000000;4178.60000000;4130.90000000;4178.60000000;SL;-1.0000;1.3075;-1.1019;41;London
MSZZC1|6:XAUUSD|1:5|1:1|1:1|66:BO|XAUUSD|5|0|L|1781884500|MSZZ|XAUUSD|5|0|1|1781884200|1781884200;1010;XAUUSD;PERIOD_M5;LONG;2026.06.19 15:55:00;2026.06.19 16:00:00;2026.06.19 16:50:00;4179.38000000;4147.35000000;4243.44000000;4156.90000000;OTHER;-0.7018;0.1124;-0.7708;10;NewYork
MSZZC1|6:XAUUSD|1:5|2:-1|1:1|67:BO|XAUUSD|5|0|S|1781887500|MSZZ|XAUUSD|5|0|-1|1781869800|1781870400;1010;XAUUSD;PERIOD_M5;SHORT;2026.06.19 16:45:00;2026.06.19 16:50:00;2026.06.19 18:20:00;4156.90000000;4181.59000000;4107.52000000;4151.47000000;OTHER;0.2199;0.5869;-0.1308;18;NewYork
MSZZC1|6:XAUUSD|1:5|1:1|1:1|66:BO|XAUUSD|5|0|L|1781892900|MSZZ|XAUUSD|5|0|1|1781892000|1781892000;1010;XAUUSD;PERIOD_M5;LONG;2026.06.19 18:15:00;2026.06.19 18:20:00;2026.06.19 19:05:00;4151.47000000;4142.41000000;4169.59000000;4147.29000000;OTHER;-0.4614;0.2991;-0.6424;9;NewYork
MSZZC1|6:XAUUSD|1:5|2:-1|1:1|67:BO|XAUUSD|5|0|S|1781895600|MSZZ|XAUUSD|5|0|-1|1781894400|1781894700;1010;XAUUSD;PERIOD_M5;SHORT;2026.06.19 19:00:00;2026.06.19 19:05:00;2026.06.22 03:49:58;4147.29000000;4181.59000000;4078.69000000;4181.59000000;SL;-1.0000;0.3137;-1.0837;680;NewYork
MSZZC1|6:XAUUSD|1:5|2:-1|1:1|67:BO|XAUUSD|5|0|S|1782108900|MSZZ|XAUUSD|5|0|-1|1782108600|1782108600;1010;XAUUSD;PERIOD_M5;SHORT;2026.06.22 06:15:00;2026.06.22 06:20:00;2026.06.30 04:09:58;4176.17000000;4292.40000000;3943.71000000;3943.71000000;TP;2.0000;2.0117;-0.3361;2277;Asian
MSZZC1|6:XAUUSD|1:5|1:1|1:1|66:BO|XAUUSD|5|0|L|1782926400|MSZZ|XAUUSD|5|0|1|1782924000|1782924000;1010;XAUUSD;PERIOD_M5;LONG;2026.07.01 17:20:00;2026.07.01 17:25:00;2026.07.10 04:40:00;4105.05000000;4001.78000000;4311.59000000;4112.43000000;OTHER;0.0715;0.9518;-0.8060;2439;NewYork
MSZZC1|6:XAUUSD|1:5|2:-1|1:1|67:BO|XAUUSD|5|0|S|1783658100|MSZZ|XAUUSD|5|0|-1|1783656000|1783656000;1010;XAUUSD;PERIOD_M5;SHORT;2026.07.10 04:35:00;2026.07.10 04:40:00;2026.07.10 05:20:00;4112.43000000;4130.97000000;4075.35000000;4127.42000000;OTHER;-0.8085;0.2001;-0.8873;8;Asian
MSZZC1|6:XAUUSD|1:5|1:1|1:1|66:BO|XAUUSD|5|0|L|1783660500|MSZZ|XAUUSD|5|0|1|1783655100|1783655100;1010;XAUUSD;PERIOD_M5;LONG;2026.07.10 05:15:00;2026.07.10 05:20:00;2026.07.10 06:55:00;4127.42000000;4108.91000000;4164.44000000;4120.61000000;OTHER;-0.3679;0.3971;-0.4381;19;Asian
MSZZC1|6:XAUUSD|1:5|2:-1|1:1|67:BO|XAUUSD|5|0|S|1783666200|MSZZ|XAUUSD|5|0|-1|1783664400|1783664400;1010;XAUUSD;PERIOD_M5;SHORT;2026.07.10 06:50:00;2026.07.10 06:55:00;2026.07.10 16:29:58;4120.61000000;4134.77000000;4092.29000000;4092.29000000;TP;2.0000;2.4612;-0.0911;114;Asian
MSZZC1|6:XAUUSD|1:5|2:-1|1:1|67:BO|XAUUSD|5|0|S|1784084100|MSZZ|XAUUSD|5|0|-1|1783458900|1783459200;1010;XAUUSD;PERIOD_M5;SHORT;2026.07.15 02:55:00;2026.07.15 03:00:00;2026.07.15 20:35:00;4053.02000000;4103.00000000;3953.06000000;4055.04000000;OTHER;-0.0404;0.7131;-0.4216;211;Asian
MSZZC1|6:XAUUSD|1:5|1:1|1:1|66:BO|XAUUSD|5|0|L|1784147400|MSZZ|XAUUSD|5|0|1|1784147100|1784147100;1010;XAUUSD;PERIOD_M5;LONG;2026.07.15 20:30:00;2026.07.15 20:35:00;2026.07.16 04:20:00;4055.04000000;4026.95000000;4111.22000000;4040.84000000;OTHER;-0.5055;0.9448;-0.6871;93;NewYork
MSZZC1|6:XAUUSD|1:5|2:-1|1:1|67:BO|XAUUSD|5|0|S|1784175300|MSZZ|XAUUSD|5|0|-1|1784142900|1784142900;1010;XAUUSD;PERIOD_M5;SHORT;2026.07.16 04:15:00;2026.07.16 04:20:00;2026.07.16 05:44:57;4040.84000000;4048.19000000;4026.14000000;4026.14000000;TP;2.0000;2.2626;-0.6939;16;Asian
MSZZC1|6:XAUUSD|1:5|2:-1|1:1|67:BO|XAUUSD|5|0|S|1784196900|MSZZ|XAUUSD|5|0|-1|1784196600|1784196600;1010;XAUUSD;PERIOD_M5;SHORT;2026.07.16 10:15:00;2026.07.16 10:20:00;2026.07.16 10:49:58;4024.86000000;4031.60000000;4011.38000000;4031.60000000;SL;-1.0000;0.2700;-1.0445;5;London
MSZZC1|6:XAUUSD|1:5|2:-1|1:1|67:BO|XAUUSD|5|0|S|1784199000|MSZZ|XAUUSD|5|0|-1|1784196600|1784196600;1010;XAUUSD;PERIOD_M5;SHORT;2026.07.16 10:50:00;2026.07.16 10:55:00;2026.07.16 11:04:58;4028.35000000;4031.60000000;4021.85000000;4031.60000000;SL;-1.0000;0.0831;-1.8000;1;London
MSZZC1|6:XAUUSD|1:5|2:-1|1:1|67:BO|XAUUSD|5|0|S|1784199900|MSZZ|XAUUSD|5|0|-1|1784196600|1784196600;1010;XAUUSD;PERIOD_M5;SHORT;2026.07.16 11:05:00;2026.07.16 11:10:00;2026.07.16 11:24:58;4028.46000000;4031.60000000;4022.18000000;4031.60000000;SL;-1.0000;0.9904;-1.1911;2;London
MSZZC1|6:XAUUSD|1:5|1:1|1:1|66:BO|XAUUSD|5|0|L|1784206200|MSZZ|XAUUSD|5|0|1|1784205600|1784205900;1010;XAUUSD;PERIOD_M5;LONG;2026.07.16 12:50:00;2026.07.16 12:55:00;2026.07.16 13:00:00;4035.94000000;4030.56000000;4046.70000000;4031.67000000;OTHER;-0.7937;0.0372;-1.1599;1;London
MSZZC1|6:XAUUSD|1:5|2:-1|1:1|67:BO|XAUUSD|5|0|S|1784206500|MSZZ|XAUUSD|5|0|-1|1784204700|1784204700;1010;XAUUSD;PERIOD_M5;SHORT;2026.07.16 12:55:00;2026.07.16 13:00:00;2026.07.16 14:49:57;4031.67000000;4037.72000000;4019.57000000;4037.72000000;SL;-1.0000;1.7157;-1.7653;21;London
MSZZC1|6:XAUUSD|1:5|2:-1|1:1|67:BO|XAUUSD|5|0|S|1784213100|MSZZ|XAUUSD|5|0|-1|1784209200|1784209200;1010;XAUUSD;PERIOD_M5;SHORT;2026.07.16 14:45:00;2026.07.16 14:50:00;2026.07.16 14:55:00;4032.39000000;4042.35000000;4012.47000000;4039.66000000;OTHER;-0.7299;0.3323;-0.9398;1;London
MSZZC1|6:XAUUSD|1:5|1:1|1:1|66:BO|XAUUSD|5|0|L|1784213400|MSZZ|XAUUSD|5|0|1|1784212800|1784212800;1010;XAUUSD;PERIOD_M5;LONG;2026.07.16 14:50:00;2026.07.16 14:55:00;2026.07.16 15:10:00;4039.66000000;4021.29000000;4076.40000000;4033.31000000;OTHER;-0.3457;0.2009;-0.6489;3;London
MSZZC1|6:XAUUSD|1:5|2:-1|1:1|67:BO|XAUUSD|5|0|S|1784214300|MSZZ|XAUUSD|5|0|-1|1784209200|1784209200;1010;XAUUSD;PERIOD_M5;SHORT;2026.07.16 15:05:00;2026.07.16 15:10:00;2026.07.16 15:19:58;4033.31000000;4042.35000000;4015.23000000;4015.23000000;TP;2.0000;2.2865;0.0000;1;London
MSZZC1|6:XAUUSD|1:5|2:-1|1:1|67:BO|XAUUSD|5|0|S|1784215200|MSZZ|XAUUSD|5|0|-1|1784214600|1784214600;1010;XAUUSD;PERIOD_M5;SHORT;2026.07.16 15:20:00;2026.07.16 15:25:00;2026.07.16 16:04:58;4020.95000000;4042.35000000;3978.15000000;3978.15000000;TP;2.0000;2.1276;-0.4107;7;London
MSZZC1|6:XAUUSD|1:5|2:-1|1:1|67:BO|XAUUSD|5|0|S|1784303100|MSZZ|XAUUSD|5|0|-1|1784214600|1784214600;1010;XAUUSD;PERIOD_M5;SHORT;2026.07.17 15:45:00;2026.07.17 15:50:00;2026.07.21 05:39:58;3967.31000000;4042.35000000;3817.23000000;4042.35000000;SL;-1.0000;0.1049;-1.0362;1029;London
